-- phpMyAdmin SQL Dump
-- version 4.7.4
-- https://www.phpmyadmin.net/
--
-- Hôte : 127.0.0.1:3306
-- Généré le :  lun. 26 mars 2018 à 00:48
-- Version du serveur :  5.7.19
-- Version de PHP :  5.6.31

SET SQL_MODE = "NO_AUTO_VALUE_ON_ZERO";
SET AUTOCOMMIT = 0;
START TRANSACTION;
SET time_zone = "+00:00";


/*!40101 SET @OLD_CHARACTER_SET_CLIENT=@@CHARACTER_SET_CLIENT */;
/*!40101 SET @OLD_CHARACTER_SET_RESULTS=@@CHARACTER_SET_RESULTS */;
/*!40101 SET @OLD_COLLATION_CONNECTION=@@COLLATION_CONNECTION */;
/*!40101 SET NAMES utf8mb4 */;

--
-- Base de données :  `investis04`
--

-- --------------------------------------------------------

--
-- Structure de la table `associer`
--

DROP TABLE IF EXISTS `associer`;
CREATE TABLE IF NOT EXISTS `associer` (
  `id_type_donnee` int(11) NOT NULL,
  `code_quartier` int(11) NOT NULL,
  `id_donnee` int(11) NOT NULL,
  `id_variable` int(11) NOT NULL,
  PRIMARY KEY (`id_type_donnee`,`code_quartier`,`id_donnee`,`id_variable`),
  KEY `FK_associer_code_quartier` (`code_quartier`),
  KEY `FK_associer_id_donnee` (`id_donnee`),
  KEY `FK_associer_id_variable` (`id_variable`)
) ENGINE=InnoDB DEFAULT CHARSET=latin1;

--
-- Déchargement des données de la table `associer`
--

INSERT INTO `associer` (`id_type_donnee`, `code_quartier`, `id_donnee`, `id_variable`) VALUES
(1, 1, 1, 1),
(1, 1, 2, 2),
(1, 1, 3, 3),
(1, 1, 4, 4),
(1, 1, 5, 5),
(1, 1, 6, 6),
(1, 1, 7, 7),
(1, 1, 8, 8),
(2, 1, 57, 9),
(2, 1, 58, 10),
(2, 1, 59, 11),
(2, 1, 60, 12),
(2, 1, 61, 13),
(2, 1, 62, 14),
(2, 1, 63, 15),
(2, 1, 64, 16),
(2, 1, 65, 17),
(2, 1, 66, 18),
(2, 1, 67, 19),
(2, 1, 68, 20),
(2, 1, 69, 21),
(2, 1, 70, 22),
(2, 1, 71, 23),
(2, 1, 72, 24),
(2, 1, 73, 25),
(2, 1, 74, 26),
(2, 1, 75, 27),
(2, 1, 76, 28),
(2, 1, 77, 29),
(2, 1, 78, 30),
(2, 1, 79, 31),
(2, 1, 80, 32),
(2, 1, 81, 33),
(3, 1, 232, 34),
(3, 1, 233, 35),
(3, 1, 234, 36),
(3, 1, 235, 37),
(3, 1, 236, 38),
(3, 1, 237, 39),
(3, 1, 238, 40),
(3, 1, 239, 41),
(4, 1, 288, 42),
(4, 1, 289, 43),
(4, 1, 290, 44),
(4, 1, 291, 45),
(1, 2, 9, 1),
(1, 2, 10, 2),
(1, 2, 11, 3),
(1, 2, 12, 4),
(1, 2, 13, 5),
(1, 2, 14, 6),
(1, 2, 15, 7),
(1, 2, 16, 8),
(2, 2, 82, 9),
(2, 2, 83, 10),
(2, 2, 84, 11),
(2, 2, 85, 12),
(2, 2, 86, 13),
(2, 2, 87, 14),
(2, 2, 88, 15),
(2, 2, 89, 16),
(2, 2, 90, 17),
(2, 2, 91, 18),
(2, 2, 92, 19),
(2, 2, 93, 20),
(2, 2, 94, 21),
(2, 2, 95, 22),
(2, 2, 96, 23),
(2, 2, 97, 24),
(2, 2, 98, 25),
(2, 2, 99, 26),
(2, 2, 100, 27),
(2, 2, 101, 28),
(2, 2, 102, 29),
(2, 2, 103, 30),
(2, 2, 104, 31),
(2, 2, 105, 32),
(2, 2, 106, 33),
(3, 2, 240, 34),
(3, 2, 241, 35),
(3, 2, 242, 36),
(3, 2, 243, 37),
(3, 2, 244, 38),
(3, 2, 245, 39),
(3, 2, 246, 40),
(3, 2, 247, 41),
(4, 2, 292, 42),
(4, 2, 293, 43),
(4, 2, 294, 44),
(4, 2, 295, 45),
(1, 3, 17, 1),
(1, 3, 18, 2),
(1, 3, 19, 3),
(1, 3, 20, 4),
(1, 3, 21, 5),
(1, 3, 22, 6),
(1, 3, 23, 7),
(1, 3, 24, 8),
(2, 3, 107, 9),
(2, 3, 108, 10),
(2, 3, 109, 11),
(2, 3, 110, 12),
(2, 3, 111, 13),
(2, 3, 112, 14),
(2, 3, 113, 15),
(2, 3, 114, 16),
(2, 3, 115, 17),
(2, 3, 116, 18),
(2, 3, 117, 19),
(2, 3, 118, 20),
(2, 3, 119, 21),
(2, 3, 120, 22),
(2, 3, 121, 23),
(2, 3, 122, 24),
(2, 3, 123, 25),
(2, 3, 124, 26),
(2, 3, 125, 27),
(2, 3, 126, 28),
(2, 3, 127, 29),
(2, 3, 128, 30),
(2, 3, 129, 31),
(2, 3, 130, 32),
(2, 3, 131, 33),
(3, 3, 248, 34),
(3, 3, 249, 35),
(3, 3, 250, 36),
(3, 3, 251, 37),
(3, 3, 252, 38),
(3, 3, 253, 39),
(3, 3, 254, 40),
(3, 3, 255, 41),
(4, 3, 296, 42),
(4, 3, 297, 43),
(4, 3, 298, 44),
(4, 3, 299, 45),
(1, 4, 25, 1),
(1, 4, 26, 2),
(1, 4, 27, 3),
(1, 4, 28, 4),
(1, 4, 29, 5),
(1, 4, 30, 6),
(1, 4, 31, 7),
(1, 4, 32, 8),
(2, 4, 132, 9),
(2, 4, 133, 10),
(2, 4, 134, 11),
(2, 4, 135, 12),
(2, 4, 136, 13),
(2, 4, 137, 14),
(2, 4, 138, 15),
(2, 4, 139, 16),
(2, 4, 140, 17),
(2, 4, 141, 18),
(2, 4, 142, 19),
(2, 4, 143, 20),
(2, 4, 144, 21),
(2, 4, 145, 22),
(2, 4, 146, 23),
(2, 4, 147, 24),
(2, 4, 148, 25),
(2, 4, 149, 26),
(2, 4, 150, 27),
(2, 4, 151, 28),
(2, 4, 152, 29),
(2, 4, 153, 30),
(2, 4, 154, 31),
(2, 4, 155, 32),
(2, 4, 156, 33),
(3, 4, 256, 34),
(3, 4, 257, 35),
(3, 4, 258, 36),
(3, 4, 259, 37),
(3, 4, 260, 38),
(3, 4, 261, 39),
(3, 4, 262, 40),
(3, 4, 263, 41),
(4, 4, 300, 42),
(4, 4, 301, 43),
(4, 4, 302, 44),
(4, 4, 303, 45),
(1, 5, 33, 1),
(1, 5, 34, 2),
(1, 5, 35, 3),
(1, 5, 36, 4),
(1, 5, 37, 5),
(1, 5, 38, 6),
(1, 5, 39, 7),
(1, 5, 40, 8),
(2, 5, 157, 9),
(2, 5, 158, 10),
(2, 5, 159, 11),
(2, 5, 160, 12),
(2, 5, 161, 13),
(2, 5, 162, 14),
(2, 5, 163, 15),
(2, 5, 164, 16),
(2, 5, 165, 17),
(2, 5, 166, 18),
(2, 5, 167, 19),
(2, 5, 168, 20),
(2, 5, 169, 21),
(2, 5, 170, 22),
(2, 5, 171, 23),
(2, 5, 172, 24),
(2, 5, 173, 25),
(2, 5, 174, 26),
(2, 5, 175, 27),
(2, 5, 176, 28),
(2, 5, 177, 29),
(2, 5, 178, 30),
(2, 5, 179, 31),
(2, 5, 180, 32),
(2, 5, 181, 33),
(3, 5, 264, 34),
(3, 5, 265, 35),
(3, 5, 266, 36),
(3, 5, 267, 37),
(3, 5, 268, 38),
(3, 5, 269, 39),
(3, 5, 270, 40),
(3, 5, 271, 41),
(4, 5, 304, 42),
(4, 5, 305, 43),
(4, 5, 306, 44),
(4, 5, 307, 45),
(1, 6, 41, 1),
(1, 6, 42, 2),
(1, 6, 43, 3),
(1, 6, 44, 4),
(1, 6, 45, 5),
(1, 6, 46, 6),
(1, 6, 47, 7),
(1, 6, 48, 8),
(2, 6, 182, 9),
(2, 6, 183, 10),
(2, 6, 184, 11),
(2, 6, 185, 12),
(2, 6, 186, 13),
(2, 6, 187, 14),
(2, 6, 188, 15),
(2, 6, 189, 16),
(2, 6, 190, 17),
(2, 6, 191, 18),
(2, 6, 192, 19),
(2, 6, 193, 20),
(2, 6, 194, 21),
(2, 6, 195, 22),
(2, 6, 196, 23),
(2, 6, 197, 24),
(2, 6, 198, 25),
(2, 6, 199, 26),
(2, 6, 200, 27),
(2, 6, 201, 28),
(2, 6, 202, 29),
(2, 6, 203, 30),
(2, 6, 204, 31),
(2, 6, 205, 32),
(2, 6, 206, 33),
(3, 6, 272, 34),
(3, 6, 273, 35),
(3, 6, 274, 36),
(3, 6, 275, 37),
(3, 6, 276, 38),
(3, 6, 277, 39),
(3, 6, 278, 40),
(3, 6, 279, 41),
(4, 6, 308, 42),
(4, 6, 309, 43),
(4, 6, 310, 44),
(4, 6, 311, 45),
(1, 7, 49, 1),
(1, 7, 50, 2),
(1, 7, 51, 3),
(1, 7, 52, 4),
(1, 7, 53, 5),
(1, 7, 54, 6),
(1, 7, 55, 7),
(1, 7, 56, 8),
(2, 7, 207, 9),
(2, 7, 208, 10),
(2, 7, 209, 11),
(2, 7, 210, 12),
(2, 7, 211, 13),
(2, 7, 212, 14),
(2, 7, 213, 15),
(2, 7, 214, 16),
(2, 7, 215, 17),
(2, 7, 216, 18),
(2, 7, 217, 19),
(2, 7, 218, 20),
(2, 7, 219, 21),
(2, 7, 220, 22),
(2, 7, 221, 23),
(2, 7, 222, 24),
(2, 7, 223, 25),
(2, 7, 224, 26),
(2, 7, 225, 27),
(2, 7, 226, 28),
(2, 7, 227, 29),
(2, 7, 228, 30),
(2, 7, 229, 31),
(2, 7, 230, 32),
(2, 7, 231, 33),
(3, 7, 280, 34),
(3, 7, 281, 35),
(3, 7, 282, 36),
(3, 7, 283, 37),
(3, 7, 284, 38),
(3, 7, 285, 39),
(3, 7, 286, 40),
(3, 7, 287, 41),
(4, 7, 312, 42),
(4, 7, 313, 43),
(4, 7, 314, 44),
(4, 7, 315, 45),
(1, 8, 492, 1),
(1, 8, 493, 2),
(1, 8, 494, 3),
(1, 8, 495, 4),
(1, 8, 496, 5),
(1, 8, 497, 6),
(1, 8, 498, 7),
(1, 8, 499, 8),
(2, 8, 1106, 9),
(2, 8, 1107, 10),
(2, 8, 1108, 11),
(2, 8, 1109, 12),
(2, 8, 1110, 13),
(2, 8, 1111, 14),
(2, 8, 1112, 15),
(2, 8, 1113, 16),
(2, 8, 1114, 17),
(2, 8, 1115, 18),
(2, 8, 1116, 19),
(2, 8, 1117, 20),
(2, 8, 1118, 21),
(2, 8, 1119, 22),
(2, 8, 1120, 23),
(2, 8, 1121, 24),
(2, 8, 1122, 25),
(2, 8, 1123, 26),
(2, 8, 1124, 27),
(2, 8, 1125, 28),
(2, 8, 1126, 29),
(2, 8, 1127, 30),
(2, 8, 1128, 31),
(2, 8, 1129, 32),
(2, 8, 1130, 33),
(3, 8, 1482, 34),
(3, 8, 1483, 35),
(3, 8, 1484, 36),
(3, 8, 1485, 37),
(3, 8, 1486, 38),
(3, 8, 1487, 39),
(3, 8, 1488, 40),
(3, 8, 1489, 41),
(4, 8, 1634, 42),
(4, 8, 1635, 43),
(4, 8, 1636, 44),
(4, 8, 1637, 45),
(1, 9, 476, 1),
(1, 9, 477, 2),
(1, 9, 478, 3),
(1, 9, 479, 4),
(1, 9, 480, 5),
(1, 9, 481, 6),
(1, 9, 482, 7),
(1, 9, 483, 8),
(2, 9, 1056, 9),
(2, 9, 1057, 10),
(2, 9, 1058, 11),
(2, 9, 1059, 12),
(2, 9, 1060, 13),
(2, 9, 1061, 14),
(2, 9, 1062, 15),
(2, 9, 1063, 16),
(2, 9, 1064, 17),
(2, 9, 1065, 18),
(2, 9, 1066, 19),
(2, 9, 1067, 20),
(2, 9, 1068, 21),
(2, 9, 1069, 22),
(2, 9, 1070, 23),
(2, 9, 1071, 24),
(2, 9, 1072, 25),
(2, 9, 1073, 26),
(2, 9, 1074, 27),
(2, 9, 1075, 28),
(2, 9, 1076, 29),
(2, 9, 1077, 30),
(2, 9, 1078, 31),
(2, 9, 1079, 32),
(2, 9, 1080, 33),
(3, 9, 1466, 34),
(3, 9, 1467, 35),
(3, 9, 1468, 36),
(3, 9, 1469, 37),
(3, 9, 1470, 38),
(3, 9, 1471, 39),
(3, 9, 1472, 40),
(3, 9, 1473, 41),
(4, 9, 1626, 42),
(4, 9, 1627, 43),
(4, 9, 1628, 44),
(4, 9, 1629, 45),
(1, 10, 484, 1),
(1, 10, 485, 2),
(1, 10, 486, 3),
(1, 10, 487, 4),
(1, 10, 488, 5),
(1, 10, 489, 6),
(1, 10, 490, 7),
(1, 10, 491, 8),
(2, 10, 1081, 9),
(2, 10, 1082, 10),
(2, 10, 1083, 11),
(2, 10, 1084, 12),
(2, 10, 1085, 13),
(2, 10, 1086, 14),
(2, 10, 1087, 15),
(2, 10, 1088, 16),
(2, 10, 1089, 17),
(2, 10, 1090, 18),
(2, 10, 1091, 19),
(2, 10, 1092, 20),
(2, 10, 1093, 21),
(2, 10, 1094, 22),
(2, 10, 1095, 23),
(2, 10, 1096, 24),
(2, 10, 1097, 25),
(2, 10, 1098, 26),
(2, 10, 1099, 27),
(2, 10, 1100, 28),
(2, 10, 1101, 29),
(2, 10, 1102, 30),
(2, 10, 1103, 31),
(2, 10, 1104, 32),
(2, 10, 1105, 33),
(3, 10, 1474, 34),
(3, 10, 1475, 35),
(3, 10, 1476, 36),
(3, 10, 1477, 37),
(3, 10, 1478, 38),
(3, 10, 1479, 39),
(3, 10, 1480, 40),
(3, 10, 1481, 41),
(4, 10, 1630, 42),
(4, 10, 1631, 43),
(4, 10, 1632, 44),
(4, 10, 1633, 45),
(1, 11, 508, 1),
(1, 11, 509, 2),
(1, 11, 510, 3),
(1, 11, 511, 4),
(1, 11, 512, 5),
(1, 11, 513, 6),
(1, 11, 514, 7),
(1, 11, 515, 8),
(2, 11, 1156, 9),
(2, 11, 1157, 10),
(2, 11, 1158, 11),
(2, 11, 1159, 12),
(2, 11, 1160, 13),
(2, 11, 1161, 14),
(2, 11, 1162, 15),
(2, 11, 1163, 16),
(2, 11, 1164, 17),
(2, 11, 1165, 18),
(2, 11, 1166, 19),
(2, 11, 1167, 20),
(2, 11, 1168, 21),
(2, 11, 1169, 22),
(2, 11, 1170, 23),
(2, 11, 1171, 24),
(2, 11, 1172, 25),
(2, 11, 1173, 26),
(2, 11, 1174, 27),
(2, 11, 1175, 28),
(2, 11, 1176, 29),
(2, 11, 1177, 30),
(2, 11, 1178, 31),
(2, 11, 1179, 32),
(2, 11, 1180, 33),
(3, 11, 1498, 34),
(3, 11, 1499, 35),
(3, 11, 1500, 36),
(3, 11, 1501, 37),
(3, 11, 1502, 38),
(3, 11, 1503, 39),
(3, 11, 1504, 40),
(3, 11, 1505, 41),
(4, 11, 1642, 42),
(4, 11, 1643, 43),
(4, 11, 1644, 44),
(4, 11, 1645, 45),
(1, 12, 524, 1),
(1, 12, 525, 2),
(1, 12, 526, 3),
(1, 12, 527, 4),
(1, 12, 528, 5),
(1, 12, 529, 6),
(1, 12, 530, 7),
(1, 12, 531, 8),
(2, 12, 1206, 9),
(2, 12, 1207, 10),
(2, 12, 1208, 11),
(2, 12, 1209, 12),
(2, 12, 1210, 13),
(2, 12, 1211, 14),
(2, 12, 1212, 15),
(2, 12, 1213, 16),
(2, 12, 1214, 17),
(2, 12, 1215, 18),
(2, 12, 1216, 19),
(2, 12, 1217, 20),
(2, 12, 1218, 21),
(2, 12, 1219, 22),
(2, 12, 1220, 23),
(2, 12, 1221, 24),
(2, 12, 1222, 25),
(2, 12, 1223, 26),
(2, 12, 1224, 27),
(2, 12, 1225, 28),
(2, 12, 1226, 29),
(2, 12, 1227, 30),
(2, 12, 1228, 31),
(2, 12, 1229, 32),
(2, 12, 1230, 33),
(3, 12, 1514, 34),
(3, 12, 1515, 35),
(3, 12, 1516, 36),
(3, 12, 1517, 37),
(3, 12, 1518, 38),
(3, 12, 1519, 39),
(3, 12, 1520, 40),
(3, 12, 1521, 41),
(4, 12, 1650, 42),
(4, 12, 1651, 43),
(4, 12, 1652, 44),
(4, 12, 1653, 45),
(1, 13, 500, 1),
(1, 13, 501, 2),
(1, 13, 502, 3),
(1, 13, 503, 4),
(1, 13, 504, 5),
(1, 13, 505, 6),
(1, 13, 506, 7),
(1, 13, 507, 8),
(2, 13, 1131, 9),
(2, 13, 1132, 10),
(2, 13, 1133, 11),
(2, 13, 1134, 12),
(2, 13, 1135, 13),
(2, 13, 1136, 14),
(2, 13, 1137, 15),
(2, 13, 1138, 16),
(2, 13, 1139, 17),
(2, 13, 1140, 18),
(2, 13, 1141, 19),
(2, 13, 1142, 20),
(2, 13, 1143, 21),
(2, 13, 1144, 22),
(2, 13, 1145, 23),
(2, 13, 1146, 24),
(2, 13, 1147, 25),
(2, 13, 1148, 26),
(2, 13, 1149, 27),
(2, 13, 1150, 28),
(2, 13, 1151, 29),
(2, 13, 1152, 30),
(2, 13, 1153, 31),
(2, 13, 1154, 32),
(2, 13, 1155, 33),
(3, 13, 1490, 34),
(3, 13, 1491, 35),
(3, 13, 1492, 36),
(3, 13, 1493, 37),
(3, 13, 1494, 38),
(3, 13, 1495, 39),
(3, 13, 1496, 40),
(3, 13, 1497, 41),
(4, 13, 1638, 42),
(4, 13, 1639, 43),
(4, 13, 1640, 44),
(4, 13, 1641, 45),
(1, 15, 380, 1),
(1, 15, 381, 2),
(1, 15, 382, 3),
(1, 15, 383, 4),
(1, 15, 384, 5),
(1, 15, 385, 6),
(1, 15, 386, 7),
(1, 15, 387, 8),
(2, 15, 756, 9),
(2, 15, 757, 10),
(2, 15, 758, 11),
(2, 15, 759, 12),
(2, 15, 760, 13),
(2, 15, 761, 14),
(2, 15, 762, 15),
(2, 15, 763, 16),
(2, 15, 764, 17),
(2, 15, 765, 18),
(2, 15, 766, 19),
(2, 15, 767, 20),
(2, 15, 768, 21),
(2, 15, 769, 22),
(2, 15, 770, 23),
(2, 15, 771, 24),
(2, 15, 772, 25),
(2, 15, 773, 26),
(2, 15, 774, 27),
(2, 15, 775, 28),
(2, 15, 776, 29),
(2, 15, 777, 30),
(2, 15, 778, 31),
(2, 15, 779, 32),
(2, 15, 780, 33),
(3, 15, 1370, 34),
(3, 15, 1371, 35),
(3, 15, 1372, 36),
(3, 15, 1373, 37),
(3, 15, 1374, 38),
(3, 15, 1375, 39),
(3, 15, 1376, 40),
(3, 15, 1377, 41),
(4, 15, 1578, 42),
(4, 15, 1579, 43),
(4, 15, 1580, 44),
(4, 15, 1581, 45),
(1, 16, 372, 1),
(1, 16, 373, 2),
(1, 16, 374, 3),
(1, 16, 375, 4),
(1, 16, 376, 5),
(1, 16, 377, 6),
(1, 16, 378, 7),
(1, 16, 379, 8),
(2, 16, 731, 9),
(2, 16, 732, 10),
(2, 16, 733, 11),
(2, 16, 734, 12),
(2, 16, 735, 13),
(2, 16, 736, 14),
(2, 16, 737, 15),
(2, 16, 738, 16),
(2, 16, 739, 17),
(2, 16, 740, 18),
(2, 16, 741, 19),
(2, 16, 742, 20),
(2, 16, 743, 21),
(2, 16, 744, 22),
(2, 16, 745, 23),
(2, 16, 746, 24),
(2, 16, 747, 25),
(2, 16, 748, 26),
(2, 16, 749, 27),
(2, 16, 750, 28),
(2, 16, 751, 29),
(2, 16, 752, 30),
(2, 16, 753, 31),
(2, 16, 754, 32),
(2, 16, 755, 33),
(3, 16, 1362, 34),
(3, 16, 1363, 35),
(3, 16, 1364, 36),
(3, 16, 1365, 37),
(3, 16, 1366, 38),
(3, 16, 1367, 39),
(3, 16, 1368, 40),
(3, 16, 1369, 41),
(4, 16, 1574, 42),
(4, 16, 1575, 43),
(4, 16, 1576, 44),
(4, 16, 1577, 45),
(1, 17, 364, 1),
(1, 17, 365, 2),
(1, 17, 366, 3),
(1, 17, 367, 4),
(1, 17, 368, 5),
(1, 17, 369, 6),
(1, 17, 370, 7),
(1, 17, 371, 8),
(2, 17, 706, 9),
(2, 17, 707, 10),
(2, 17, 708, 11),
(2, 17, 709, 12),
(2, 17, 710, 13),
(2, 17, 711, 14),
(2, 17, 712, 15),
(2, 17, 713, 16),
(2, 17, 714, 17),
(2, 17, 715, 18),
(2, 17, 716, 19),
(2, 17, 717, 20),
(2, 17, 718, 21),
(2, 17, 719, 22),
(2, 17, 720, 23),
(2, 17, 721, 24),
(2, 17, 722, 25),
(2, 17, 723, 26),
(2, 17, 724, 27),
(2, 17, 725, 28),
(2, 17, 726, 29),
(2, 17, 727, 30),
(2, 17, 728, 31),
(2, 17, 729, 32),
(2, 17, 730, 33),
(3, 17, 1354, 34),
(3, 17, 1355, 35),
(3, 17, 1356, 36),
(3, 17, 1357, 37),
(3, 17, 1358, 38),
(3, 17, 1359, 39),
(3, 17, 1360, 40),
(3, 17, 1361, 41),
(4, 17, 1570, 42),
(4, 17, 1571, 43),
(4, 17, 1572, 44),
(4, 17, 1573, 45),
(1, 18, 396, 1),
(1, 18, 397, 2),
(1, 18, 398, 3),
(1, 18, 399, 4),
(1, 18, 400, 5),
(1, 18, 401, 6),
(1, 18, 402, 7),
(1, 18, 403, 8),
(2, 18, 806, 9),
(2, 18, 807, 10),
(2, 18, 808, 11),
(2, 18, 809, 12),
(2, 18, 810, 13),
(2, 18, 811, 14),
(2, 18, 812, 15),
(2, 18, 813, 16),
(2, 18, 814, 17),
(2, 18, 815, 18),
(2, 18, 816, 19),
(2, 18, 817, 20),
(2, 18, 818, 21),
(2, 18, 819, 22),
(2, 18, 820, 23),
(2, 18, 821, 24),
(2, 18, 822, 25),
(2, 18, 823, 26),
(2, 18, 824, 27),
(2, 18, 825, 28),
(2, 18, 826, 29),
(2, 18, 827, 30),
(2, 18, 828, 31),
(2, 18, 829, 32),
(2, 18, 830, 33),
(3, 18, 1386, 34),
(3, 18, 1387, 35),
(3, 18, 1388, 36),
(3, 18, 1389, 37),
(3, 18, 1390, 38),
(3, 18, 1391, 39),
(3, 18, 1392, 40),
(3, 18, 1393, 41),
(4, 18, 1586, 42),
(4, 18, 1587, 43),
(4, 18, 1588, 44),
(4, 18, 1589, 45),
(1, 19, 404, 1),
(1, 19, 405, 2),
(1, 19, 406, 3),
(1, 19, 407, 4),
(1, 19, 408, 5),
(1, 19, 409, 6),
(1, 19, 410, 7),
(1, 19, 411, 8),
(2, 19, 831, 9),
(2, 19, 832, 10),
(2, 19, 833, 11),
(2, 19, 834, 12),
(2, 19, 835, 13),
(2, 19, 836, 14),
(2, 19, 837, 15),
(2, 19, 838, 16),
(2, 19, 839, 17),
(2, 19, 840, 18),
(2, 19, 841, 19),
(2, 19, 842, 20),
(2, 19, 843, 21),
(2, 19, 844, 22),
(2, 19, 845, 23),
(2, 19, 846, 24),
(2, 19, 847, 25),
(2, 19, 848, 26),
(2, 19, 849, 27),
(2, 19, 850, 28),
(2, 19, 851, 29),
(2, 19, 852, 30),
(2, 19, 853, 31),
(2, 19, 854, 32),
(2, 19, 855, 33),
(3, 19, 1394, 34),
(3, 19, 1395, 35),
(3, 19, 1396, 36),
(3, 19, 1397, 37),
(3, 19, 1398, 38),
(3, 19, 1399, 39),
(3, 19, 1400, 40),
(3, 19, 1401, 41),
(4, 19, 1590, 42),
(4, 19, 1591, 43),
(4, 19, 1592, 44),
(4, 19, 1593, 45),
(1, 20, 532, 1),
(1, 20, 533, 2),
(1, 20, 534, 3),
(1, 20, 535, 4),
(1, 20, 536, 5),
(1, 20, 537, 6),
(1, 20, 538, 7),
(1, 20, 539, 8),
(2, 20, 1231, 9),
(2, 20, 1232, 10),
(2, 20, 1233, 11),
(2, 20, 1234, 12),
(2, 20, 1235, 13),
(2, 20, 1236, 14),
(2, 20, 1237, 15),
(2, 20, 1238, 16),
(2, 20, 1239, 17),
(2, 20, 1240, 18),
(2, 20, 1241, 19),
(2, 20, 1242, 20),
(2, 20, 1243, 21),
(2, 20, 1244, 22),
(2, 20, 1245, 23),
(2, 20, 1246, 24),
(2, 20, 1247, 25),
(2, 20, 1248, 26),
(2, 20, 1249, 27),
(2, 20, 1250, 28),
(2, 20, 1251, 29),
(2, 20, 1252, 30),
(2, 20, 1253, 31),
(2, 20, 1254, 32),
(2, 20, 1255, 33),
(3, 20, 1522, 34),
(3, 20, 1523, 35),
(3, 20, 1524, 36),
(3, 20, 1525, 37),
(3, 20, 1526, 38),
(3, 20, 1527, 39),
(3, 20, 1528, 40),
(3, 20, 1529, 41),
(4, 20, 1654, 42),
(4, 20, 1655, 43),
(4, 20, 1656, 44),
(4, 20, 1657, 45),
(1, 21, 516, 1),
(1, 21, 517, 2),
(1, 21, 518, 3),
(1, 21, 519, 4),
(1, 21, 520, 5),
(1, 21, 521, 6),
(1, 21, 522, 7),
(1, 21, 523, 8),
(2, 21, 1181, 9),
(2, 21, 1182, 10),
(2, 21, 1183, 11),
(2, 21, 1184, 12),
(2, 21, 1185, 13),
(2, 21, 1186, 14),
(2, 21, 1187, 15),
(2, 21, 1188, 16),
(2, 21, 1189, 17),
(2, 21, 1190, 18),
(2, 21, 1191, 19),
(2, 21, 1192, 20),
(2, 21, 1193, 21),
(2, 21, 1194, 22),
(2, 21, 1195, 23),
(2, 21, 1196, 24),
(2, 21, 1197, 25),
(2, 21, 1198, 26),
(2, 21, 1199, 27),
(2, 21, 1200, 28),
(2, 21, 1201, 29),
(2, 21, 1202, 30),
(2, 21, 1203, 31),
(2, 21, 1204, 32),
(2, 21, 1205, 33),
(3, 21, 1506, 34),
(3, 21, 1507, 35),
(3, 21, 1508, 36),
(3, 21, 1509, 37),
(3, 21, 1510, 38),
(3, 21, 1511, 39),
(3, 21, 1512, 40),
(3, 21, 1513, 41),
(4, 21, 1646, 42),
(4, 21, 1647, 43),
(4, 21, 1648, 44),
(4, 21, 1649, 45),
(1, 22, 324, 1),
(1, 22, 325, 2),
(1, 22, 326, 3),
(1, 22, 327, 4),
(1, 22, 328, 5),
(1, 22, 329, 6),
(1, 22, 330, 7),
(1, 22, 331, 8),
(2, 22, 581, 9),
(2, 22, 582, 10),
(2, 22, 583, 11),
(2, 22, 584, 12),
(2, 22, 585, 13),
(2, 22, 586, 14),
(2, 22, 587, 15),
(2, 22, 588, 16),
(2, 22, 589, 17),
(2, 22, 590, 18),
(2, 22, 591, 19),
(2, 22, 592, 20),
(2, 22, 593, 21),
(2, 22, 594, 22),
(2, 22, 595, 23),
(2, 22, 596, 24),
(2, 22, 597, 25),
(2, 22, 598, 26),
(2, 22, 599, 27),
(2, 22, 600, 28),
(2, 22, 601, 29),
(2, 22, 602, 30),
(2, 22, 603, 31),
(2, 22, 604, 32),
(2, 22, 605, 33),
(3, 22, 1314, 34),
(3, 22, 1315, 35),
(3, 22, 1316, 36),
(3, 22, 1317, 37),
(3, 22, 1318, 38),
(3, 22, 1319, 39),
(3, 22, 1320, 40),
(3, 22, 1321, 41),
(4, 22, 1550, 42),
(4, 22, 1551, 43),
(4, 22, 1552, 44),
(4, 22, 1553, 45),
(1, 23, 356, 1),
(1, 23, 357, 2),
(1, 23, 358, 3),
(1, 23, 359, 4),
(1, 23, 360, 5),
(1, 23, 361, 6),
(1, 23, 362, 7),
(1, 23, 363, 8),
(2, 23, 681, 9),
(2, 23, 682, 10),
(2, 23, 683, 11),
(2, 23, 684, 12),
(2, 23, 685, 13),
(2, 23, 686, 14),
(2, 23, 687, 15),
(2, 23, 688, 16),
(2, 23, 689, 17),
(2, 23, 690, 18),
(2, 23, 691, 19),
(2, 23, 692, 20),
(2, 23, 693, 21),
(2, 23, 694, 22),
(2, 23, 695, 23),
(2, 23, 696, 24),
(2, 23, 697, 25),
(2, 23, 698, 26),
(2, 23, 699, 27),
(2, 23, 700, 28),
(2, 23, 701, 29),
(2, 23, 702, 30),
(2, 23, 703, 31),
(2, 23, 704, 32),
(2, 23, 705, 33),
(3, 23, 1346, 34),
(3, 23, 1347, 35),
(3, 23, 1348, 36),
(3, 23, 1349, 37),
(3, 23, 1350, 38),
(3, 23, 1351, 39),
(3, 23, 1352, 40),
(3, 23, 1353, 41),
(4, 23, 1566, 42),
(4, 23, 1567, 43),
(4, 23, 1568, 44),
(4, 23, 1569, 45),
(1, 24, 340, 1),
(1, 24, 341, 2),
(1, 24, 342, 3),
(1, 24, 343, 4),
(1, 24, 344, 5),
(1, 24, 345, 6),
(1, 24, 346, 7),
(1, 24, 347, 8),
(2, 24, 631, 9),
(2, 24, 632, 10),
(2, 24, 633, 11),
(2, 24, 634, 12),
(2, 24, 635, 13),
(2, 24, 636, 14),
(2, 24, 637, 15),
(2, 24, 638, 16),
(2, 24, 639, 17),
(2, 24, 640, 18),
(2, 24, 641, 19),
(2, 24, 642, 20),
(2, 24, 643, 21),
(2, 24, 644, 22),
(2, 24, 645, 23),
(2, 24, 646, 24),
(2, 24, 647, 25),
(2, 24, 648, 26),
(2, 24, 649, 27),
(2, 24, 650, 28),
(2, 24, 651, 29),
(2, 24, 652, 30),
(2, 24, 653, 31),
(2, 24, 654, 32),
(2, 24, 655, 33),
(3, 24, 1330, 34),
(3, 24, 1331, 35),
(3, 24, 1332, 36),
(3, 24, 1333, 37),
(3, 24, 1334, 38),
(3, 24, 1335, 39),
(3, 24, 1336, 40),
(3, 24, 1337, 41),
(4, 24, 1558, 42),
(4, 24, 1559, 43),
(4, 24, 1560, 44),
(4, 24, 1561, 45),
(1, 25, 316, 1),
(1, 25, 317, 2),
(1, 25, 318, 3),
(1, 25, 319, 4),
(1, 25, 320, 5),
(1, 25, 321, 6),
(1, 25, 322, 7),
(1, 25, 323, 8),
(2, 25, 556, 9),
(2, 25, 557, 10),
(2, 25, 558, 11),
(2, 25, 559, 12),
(2, 25, 560, 13),
(2, 25, 561, 14),
(2, 25, 562, 15),
(2, 25, 563, 16),
(2, 25, 564, 17),
(2, 25, 565, 18),
(2, 25, 566, 19),
(2, 25, 567, 20),
(2, 25, 568, 21),
(2, 25, 569, 22),
(2, 25, 570, 23),
(2, 25, 571, 24),
(2, 25, 572, 25),
(2, 25, 573, 26),
(2, 25, 574, 27),
(2, 25, 575, 28),
(2, 25, 576, 29),
(2, 25, 577, 30),
(2, 25, 578, 31),
(2, 25, 579, 32),
(2, 25, 580, 33),
(3, 25, 1306, 34),
(3, 25, 1307, 35),
(3, 25, 1308, 36),
(3, 25, 1309, 37),
(3, 25, 1310, 38),
(3, 25, 1311, 39),
(3, 25, 1312, 40),
(3, 25, 1313, 41),
(4, 25, 1546, 42),
(4, 25, 1547, 43),
(4, 25, 1548, 44),
(4, 25, 1549, 45),
(1, 26, 540, 1),
(1, 26, 541, 2),
(1, 26, 542, 3),
(1, 26, 543, 4),
(1, 26, 544, 5),
(1, 26, 545, 6),
(1, 26, 546, 7),
(1, 26, 547, 8),
(2, 26, 1256, 9),
(2, 26, 1257, 10),
(2, 26, 1258, 11),
(2, 26, 1259, 12),
(2, 26, 1260, 13),
(2, 26, 1261, 14),
(2, 26, 1262, 15),
(2, 26, 1263, 16),
(2, 26, 1264, 17),
(2, 26, 1265, 18),
(2, 26, 1266, 19),
(2, 26, 1267, 20),
(2, 26, 1268, 21),
(2, 26, 1269, 22),
(2, 26, 1270, 23),
(2, 26, 1271, 24),
(2, 26, 1272, 25),
(2, 26, 1273, 26),
(2, 26, 1274, 27),
(2, 26, 1275, 28),
(2, 26, 1276, 29),
(2, 26, 1277, 30),
(2, 26, 1278, 31),
(2, 26, 1279, 32),
(2, 26, 1280, 33),
(3, 26, 1530, 34),
(3, 26, 1531, 35),
(3, 26, 1532, 36),
(3, 26, 1533, 37),
(3, 26, 1534, 38),
(3, 26, 1535, 39),
(3, 26, 1536, 40),
(3, 26, 1537, 41),
(4, 26, 1658, 42),
(4, 26, 1659, 43),
(4, 26, 1660, 44),
(4, 26, 1661, 45),
(1, 27, 412, 1),
(1, 27, 413, 2),
(1, 27, 414, 3),
(1, 27, 415, 4),
(1, 27, 416, 5),
(1, 27, 417, 6),
(1, 27, 418, 7),
(1, 27, 419, 8),
(2, 27, 856, 9),
(2, 27, 857, 10),
(2, 27, 858, 11),
(2, 27, 859, 12),
(2, 27, 860, 13),
(2, 27, 861, 14),
(2, 27, 862, 15),
(2, 27, 863, 16),
(2, 27, 864, 17),
(2, 27, 865, 18),
(2, 27, 866, 19),
(2, 27, 867, 20),
(2, 27, 868, 21),
(2, 27, 869, 22),
(2, 27, 870, 23),
(2, 27, 871, 24),
(2, 27, 872, 25),
(2, 27, 873, 26),
(2, 27, 874, 27),
(2, 27, 875, 28),
(2, 27, 876, 29),
(2, 27, 877, 30),
(2, 27, 878, 31),
(2, 27, 879, 32),
(2, 27, 880, 33),
(3, 27, 1402, 34),
(3, 27, 1403, 35),
(3, 27, 1404, 36),
(3, 27, 1405, 37),
(3, 27, 1406, 38),
(3, 27, 1407, 39),
(3, 27, 1408, 40),
(3, 27, 1409, 41),
(4, 27, 1594, 42),
(4, 27, 1595, 43),
(4, 27, 1596, 44),
(4, 27, 1597, 45),
(1, 28, 548, 1),
(1, 28, 549, 2),
(1, 28, 550, 3),
(1, 28, 551, 4),
(1, 28, 552, 5),
(1, 28, 553, 6),
(1, 28, 554, 7),
(1, 28, 555, 8),
(2, 28, 1281, 9),
(2, 28, 1282, 10),
(2, 28, 1283, 11),
(2, 28, 1284, 12),
(2, 28, 1285, 13),
(2, 28, 1286, 14),
(2, 28, 1287, 15),
(2, 28, 1288, 16),
(2, 28, 1289, 17),
(2, 28, 1290, 18),
(2, 28, 1291, 19),
(2, 28, 1292, 20),
(2, 28, 1293, 21),
(2, 28, 1294, 22),
(2, 28, 1295, 23),
(2, 28, 1296, 24),
(2, 28, 1297, 25),
(2, 28, 1298, 26),
(2, 28, 1299, 27),
(2, 28, 1300, 28),
(2, 28, 1301, 29),
(2, 28, 1302, 30),
(2, 28, 1303, 31),
(2, 28, 1304, 32),
(2, 28, 1305, 33),
(3, 28, 1538, 34),
(3, 28, 1539, 35),
(3, 28, 1540, 36),
(3, 28, 1541, 37),
(3, 28, 1542, 38),
(3, 28, 1543, 39),
(3, 28, 1544, 40),
(3, 28, 1545, 41),
(4, 28, 1662, 42),
(4, 28, 1663, 43),
(4, 28, 1664, 44),
(4, 28, 1665, 45),
(1, 29, 348, 1),
(1, 29, 349, 2),
(1, 29, 350, 3),
(1, 29, 351, 4),
(1, 29, 352, 5),
(1, 29, 353, 6),
(1, 29, 354, 7),
(1, 29, 355, 8),
(2, 29, 656, 9),
(2, 29, 657, 10),
(2, 29, 658, 11),
(2, 29, 659, 12),
(2, 29, 660, 13),
(2, 29, 661, 14),
(2, 29, 662, 15),
(2, 29, 663, 16),
(2, 29, 664, 17),
(2, 29, 665, 18),
(2, 29, 666, 19),
(2, 29, 667, 20),
(2, 29, 668, 21),
(2, 29, 669, 22),
(2, 29, 670, 23),
(2, 29, 671, 24),
(2, 29, 672, 25),
(2, 29, 673, 26),
(2, 29, 674, 27),
(2, 29, 675, 28),
(2, 29, 676, 29),
(2, 29, 677, 30),
(2, 29, 678, 31),
(2, 29, 679, 32),
(2, 29, 680, 33),
(3, 29, 1338, 34),
(3, 29, 1339, 35),
(3, 29, 1340, 36),
(3, 29, 1341, 37),
(3, 29, 1342, 38),
(3, 29, 1343, 39),
(3, 29, 1344, 40),
(3, 29, 1345, 41),
(4, 29, 1562, 42),
(4, 29, 1563, 43),
(4, 29, 1564, 44),
(4, 29, 1565, 45),
(1, 30, 332, 1),
(1, 30, 333, 2),
(1, 30, 334, 3),
(1, 30, 335, 4),
(1, 30, 336, 5),
(1, 30, 337, 6),
(1, 30, 338, 7),
(1, 30, 339, 8),
(2, 30, 606, 9),
(2, 30, 607, 10),
(2, 30, 608, 11),
(2, 30, 609, 12),
(2, 30, 610, 13),
(2, 30, 611, 14),
(2, 30, 612, 15),
(2, 30, 613, 16),
(2, 30, 614, 17),
(2, 30, 615, 18),
(2, 30, 616, 19),
(2, 30, 617, 20),
(2, 30, 618, 21),
(2, 30, 619, 22),
(2, 30, 620, 23),
(2, 30, 621, 24),
(2, 30, 622, 25),
(2, 30, 623, 26),
(2, 30, 624, 27),
(2, 30, 625, 28),
(2, 30, 626, 29),
(2, 30, 627, 30),
(2, 30, 628, 31),
(2, 30, 629, 32),
(2, 30, 630, 33),
(3, 30, 1322, 34),
(3, 30, 1323, 35),
(3, 30, 1324, 36),
(3, 30, 1325, 37),
(3, 30, 1326, 38),
(3, 30, 1327, 39),
(3, 30, 1328, 40),
(3, 30, 1329, 41),
(4, 30, 1554, 42),
(4, 30, 1555, 43),
(4, 30, 1556, 44),
(4, 30, 1557, 45),
(1, 31, 388, 1),
(1, 31, 389, 2),
(1, 31, 390, 3),
(1, 31, 391, 4),
(1, 31, 392, 5),
(1, 31, 393, 6),
(1, 31, 394, 7),
(1, 31, 395, 8),
(2, 31, 781, 9),
(2, 31, 782, 10),
(2, 31, 783, 11),
(2, 31, 784, 12),
(2, 31, 785, 13),
(2, 31, 786, 14),
(2, 31, 787, 15),
(2, 31, 788, 16),
(2, 31, 789, 17),
(2, 31, 790, 18),
(2, 31, 791, 19),
(2, 31, 792, 20),
(2, 31, 793, 21),
(2, 31, 794, 22),
(2, 31, 795, 23),
(2, 31, 796, 24),
(2, 31, 797, 25),
(2, 31, 798, 26),
(2, 31, 799, 27),
(2, 31, 800, 28),
(2, 31, 801, 29),
(2, 31, 802, 30),
(2, 31, 803, 31),
(2, 31, 804, 32),
(2, 31, 805, 33),
(3, 31, 1378, 34),
(3, 31, 1379, 35),
(3, 31, 1380, 36),
(3, 31, 1381, 37),
(3, 31, 1382, 38),
(3, 31, 1383, 39),
(3, 31, 1384, 40),
(3, 31, 1385, 41),
(4, 31, 1582, 42),
(4, 31, 1583, 43),
(4, 31, 1584, 44),
(4, 31, 1585, 45),
(1, 32, 452, 1),
(1, 32, 453, 2),
(1, 32, 454, 3),
(1, 32, 455, 4),
(1, 32, 456, 5),
(1, 32, 457, 6),
(1, 32, 458, 7),
(1, 32, 459, 8),
(2, 32, 981, 9),
(2, 32, 982, 10),
(2, 32, 983, 11),
(2, 32, 984, 12),
(2, 32, 985, 13),
(2, 32, 986, 14),
(2, 32, 987, 15),
(2, 32, 988, 16),
(2, 32, 989, 17),
(2, 32, 990, 18),
(2, 32, 991, 19),
(2, 32, 992, 20),
(2, 32, 993, 21),
(2, 32, 994, 22),
(2, 32, 995, 23),
(2, 32, 996, 24),
(2, 32, 997, 25),
(2, 32, 998, 26),
(2, 32, 999, 27),
(2, 32, 1000, 28),
(2, 32, 1001, 29),
(2, 32, 1002, 30),
(2, 32, 1003, 31),
(2, 32, 1004, 32),
(2, 32, 1005, 33),
(3, 32, 1442, 34),
(3, 32, 1443, 35),
(3, 32, 1444, 36),
(3, 32, 1445, 37),
(3, 32, 1446, 38),
(3, 32, 1447, 39),
(3, 32, 1448, 40),
(3, 32, 1449, 41),
(4, 32, 1614, 42),
(4, 32, 1615, 43),
(4, 32, 1616, 44),
(4, 32, 1617, 45),
(1, 33, 428, 1),
(1, 33, 429, 2),
(1, 33, 430, 3),
(1, 33, 431, 4),
(1, 33, 432, 5),
(1, 33, 433, 6),
(1, 33, 434, 7),
(1, 33, 435, 8),
(2, 33, 906, 9),
(2, 33, 907, 10),
(2, 33, 908, 11),
(2, 33, 909, 12),
(2, 33, 910, 13),
(2, 33, 911, 14),
(2, 33, 912, 15),
(2, 33, 913, 16),
(2, 33, 914, 17),
(2, 33, 915, 18),
(2, 33, 916, 19),
(2, 33, 917, 20),
(2, 33, 918, 21),
(2, 33, 919, 22),
(2, 33, 920, 23),
(2, 33, 921, 24),
(2, 33, 922, 25),
(2, 33, 923, 26),
(2, 33, 924, 27),
(2, 33, 925, 28),
(2, 33, 926, 29),
(2, 33, 927, 30),
(2, 33, 928, 31),
(2, 33, 929, 32),
(2, 33, 930, 33),
(3, 33, 1418, 34),
(3, 33, 1419, 35),
(3, 33, 1420, 36),
(3, 33, 1421, 37),
(3, 33, 1422, 38),
(3, 33, 1423, 39),
(3, 33, 1424, 40),
(3, 33, 1425, 41),
(4, 33, 1602, 42),
(4, 33, 1603, 43),
(4, 33, 1604, 44),
(4, 33, 1605, 45),
(1, 34, 436, 1),
(1, 34, 437, 2),
(1, 34, 438, 3),
(1, 34, 439, 4),
(1, 34, 440, 5),
(1, 34, 441, 6),
(1, 34, 442, 7),
(1, 34, 443, 8),
(2, 34, 931, 9),
(2, 34, 932, 10),
(2, 34, 933, 11),
(2, 34, 934, 12),
(2, 34, 935, 13),
(2, 34, 936, 14),
(2, 34, 937, 15),
(2, 34, 938, 16),
(2, 34, 939, 17),
(2, 34, 940, 18),
(2, 34, 941, 19),
(2, 34, 942, 20),
(2, 34, 943, 21),
(2, 34, 944, 22),
(2, 34, 945, 23),
(2, 34, 946, 24),
(2, 34, 947, 25),
(2, 34, 948, 26),
(2, 34, 949, 27),
(2, 34, 950, 28),
(2, 34, 951, 29),
(2, 34, 952, 30),
(2, 34, 953, 31),
(2, 34, 954, 32),
(2, 34, 955, 33),
(3, 34, 1426, 34),
(3, 34, 1427, 35),
(3, 34, 1428, 36),
(3, 34, 1429, 37),
(3, 34, 1430, 38),
(3, 34, 1431, 39),
(3, 34, 1432, 40),
(3, 34, 1433, 41),
(4, 34, 1606, 42),
(4, 34, 1607, 43),
(4, 34, 1608, 44),
(4, 34, 1609, 45),
(1, 35, 460, 1),
(1, 35, 461, 2),
(1, 35, 462, 3),
(1, 35, 463, 4),
(1, 35, 464, 5),
(1, 35, 465, 6),
(1, 35, 466, 7),
(1, 35, 467, 8),
(2, 35, 1006, 9),
(2, 35, 1007, 10),
(2, 35, 1008, 11),
(2, 35, 1009, 12),
(2, 35, 1010, 13),
(2, 35, 1011, 14),
(2, 35, 1012, 15),
(2, 35, 1013, 16),
(2, 35, 1014, 17),
(2, 35, 1015, 18),
(2, 35, 1016, 19),
(2, 35, 1017, 20),
(2, 35, 1018, 21),
(2, 35, 1019, 22),
(2, 35, 1020, 23),
(2, 35, 1021, 24),
(2, 35, 1022, 25),
(2, 35, 1023, 26),
(2, 35, 1024, 27),
(2, 35, 1025, 28),
(2, 35, 1026, 29),
(2, 35, 1027, 30),
(2, 35, 1028, 31),
(2, 35, 1029, 32),
(2, 35, 1030, 33),
(3, 35, 1450, 34),
(3, 35, 1451, 35),
(3, 35, 1452, 36),
(3, 35, 1453, 37),
(3, 35, 1454, 38),
(3, 35, 1455, 39),
(3, 35, 1456, 40),
(3, 35, 1457, 41),
(4, 35, 1618, 42),
(4, 35, 1619, 43),
(4, 35, 1620, 44),
(4, 35, 1621, 45),
(1, 36, 444, 1),
(1, 36, 445, 2),
(1, 36, 446, 3),
(1, 36, 447, 4),
(1, 36, 448, 5),
(1, 36, 449, 6),
(1, 36, 450, 7),
(1, 36, 451, 8),
(2, 36, 956, 9),
(2, 36, 957, 10),
(2, 36, 958, 11),
(2, 36, 959, 12),
(2, 36, 960, 13),
(2, 36, 961, 14),
(2, 36, 962, 15),
(2, 36, 963, 16),
(2, 36, 964, 17),
(2, 36, 965, 18),
(2, 36, 966, 19),
(2, 36, 967, 20),
(2, 36, 968, 21),
(2, 36, 969, 22),
(2, 36, 970, 23),
(2, 36, 971, 24),
(2, 36, 972, 25),
(2, 36, 973, 26),
(2, 36, 974, 27),
(2, 36, 975, 28),
(2, 36, 976, 29),
(2, 36, 977, 30),
(2, 36, 978, 31),
(2, 36, 979, 32),
(2, 36, 980, 33),
(3, 36, 1434, 34),
(3, 36, 1435, 35),
(3, 36, 1436, 36),
(3, 36, 1437, 37),
(3, 36, 1438, 38),
(3, 36, 1439, 39),
(3, 36, 1440, 40),
(3, 36, 1441, 41),
(4, 36, 1610, 42),
(4, 36, 1611, 43),
(4, 36, 1612, 44),
(4, 36, 1613, 45),
(1, 37, 468, 1),
(1, 37, 469, 2),
(1, 37, 470, 3),
(1, 37, 471, 4),
(1, 37, 472, 5),
(1, 37, 473, 6),
(1, 37, 474, 7),
(1, 37, 475, 8),
(2, 37, 1031, 9),
(2, 37, 1032, 10),
(2, 37, 1033, 11),
(2, 37, 1034, 12),
(2, 37, 1035, 13),
(2, 37, 1036, 14),
(2, 37, 1037, 15),
(2, 37, 1038, 16),
(2, 37, 1039, 17),
(2, 37, 1040, 18),
(2, 37, 1041, 19),
(2, 37, 1042, 20),
(2, 37, 1043, 21),
(2, 37, 1044, 22),
(2, 37, 1045, 23),
(2, 37, 1046, 24),
(2, 37, 1047, 25),
(2, 37, 1048, 26),
(2, 37, 1049, 27),
(2, 37, 1050, 28),
(2, 37, 1051, 29),
(2, 37, 1052, 30),
(2, 37, 1053, 31),
(2, 37, 1054, 32),
(2, 37, 1055, 33),
(3, 37, 1458, 34),
(3, 37, 1459, 35),
(3, 37, 1460, 36),
(3, 37, 1461, 37),
(3, 37, 1462, 38),
(3, 37, 1463, 39),
(3, 37, 1464, 40),
(3, 37, 1465, 41),
(4, 37, 1622, 42),
(4, 37, 1623, 43),
(4, 37, 1624, 44),
(4, 37, 1625, 45),
(1, 38, 420, 1),
(1, 38, 421, 2),
(1, 38, 422, 3),
(1, 38, 423, 4),
(1, 38, 424, 5),
(1, 38, 425, 6),
(1, 38, 426, 7),
(1, 38, 427, 8),
(2, 38, 881, 9),
(2, 38, 882, 10),
(2, 38, 883, 11),
(2, 38, 884, 12),
(2, 38, 885, 13),
(2, 38, 886, 14),
(2, 38, 887, 15),
(2, 38, 888, 16),
(2, 38, 889, 17),
(2, 38, 890, 18),
(2, 38, 891, 19),
(2, 38, 892, 20),
(2, 38, 893, 21),
(2, 38, 894, 22),
(2, 38, 895, 23),
(2, 38, 896, 24),
(2, 38, 897, 25),
(2, 38, 898, 26),
(2, 38, 899, 27),
(2, 38, 900, 28),
(2, 38, 901, 29),
(2, 38, 902, 30),
(2, 38, 903, 31),
(2, 38, 904, 32),
(2, 38, 905, 33),
(3, 38, 1410, 34),
(3, 38, 1411, 35),
(3, 38, 1412, 36),
(3, 38, 1413, 37),
(3, 38, 1414, 38),
(3, 38, 1415, 39),
(3, 38, 1416, 40),
(3, 38, 1417, 41),
(4, 38, 1598, 42),
(4, 38, 1599, 43),
(4, 38, 1600, 44),
(4, 38, 1601, 45);

-- --------------------------------------------------------

--
-- Structure de la table `avis`
--

DROP TABLE IF EXISTS `avis`;
CREATE TABLE IF NOT EXISTS `avis` (
  `id_avis` int(9) UNSIGNED NOT NULL AUTO_INCREMENT,
  `id_user` int(25) NOT NULL,
  `nom_user` varchar(255) NOT NULL,
  `nom_quartier` varchar(255) NOT NULL,
  `ac` int(1) NOT NULL,
  `tec` int(1) NOT NULL,
  `st` int(1) NOT NULL,
  `sec` int(1) NOT NULL,
  `pr` int(1) NOT NULL,
  `ev` int(1) NOT NULL,
  `rec` decimal(2,0) NOT NULL,
  `avis` text NOT NULL,
  `day` int(2) NOT NULL,
  `month` int(2) NOT NULL,
  `year` int(4) NOT NULL,
  PRIMARY KEY (`id_avis`)
) ENGINE=InnoDB AUTO_INCREMENT=22 DEFAULT CHARSET=latin1;

--
-- Déchargement des données de la table `avis`
--

INSERT INTO `avis` (`id_avis`, `id_user`, `nom_user`, `nom_quartier`, `ac`, `tec`, `st`, `sec`, `pr`, `ev`, `rec`, `avis`, `day`, `month`, `year`) VALUES
(1, 2, 'soufiane', 'Comédie', 1, 2, 3, 4, 4, 5, '1', 'Très bien desservi. Proche de tout. Je m’y sens en sécurité à toute heure du jour et de la nuit.  Stationnement souvent libre et ample.', 1, 3, 2018),
(15, 7, 'anais', 'Comédie', 3, 3, 2, 1, 2, 5, '1', 'Tranquilité absolue. On se croirait dans un temple bouddhiste.  Je n\'ai pas eu connaissance de problèmes de sécurité. Le lieu me semble sûr.', 2, 3, 2018),
(16, 6, 'naoufal', 'Comédie', 2, 2, 1, 1, 1, 1, '1', 'un quartier très sympa. je n\'y ai jamais vécu, ais j\'en ai une bonne opinion. qui d\'après moi est très animés et des commerces de proximités! tous les magasins à 2 pas, un marché super le dimanche qui anime quand même pas mal la ville en ce jour mort sur montpellier,\r\nJe le recommande à 100% !', 4, 3, 2018),
(21, 9, 'naoufal', 'Boutonnet', 2, 5, 4, 3, 3, 5, '1', 'cool !', 25, 3, 2018);

-- --------------------------------------------------------

--
-- Structure de la table `avoir_unite`
--

DROP TABLE IF EXISTS `avoir_unite`;
CREATE TABLE IF NOT EXISTS `avoir_unite` (
  `id_unite` int(11) NOT NULL,
  `id_donnee` int(11) NOT NULL,
  PRIMARY KEY (`id_unite`,`id_donnee`),
  KEY `FK_avoir_unite_id_donnee` (`id_donnee`)
) ENGINE=InnoDB DEFAULT CHARSET=latin1;

-- --------------------------------------------------------

--
-- Structure de la table `donnee`
--

DROP TABLE IF EXISTS `donnee`;
CREATE TABLE IF NOT EXISTS `donnee` (
  `id_donnee` int(11) NOT NULL,
  `statistique` float DEFAULT NULL,
  PRIMARY KEY (`id_donnee`)
) ENGINE=InnoDB DEFAULT CHARSET=latin1;

--
-- Déchargement des données de la table `donnee`
--

INSERT INTO `donnee` (`id_donnee`, `statistique`) VALUES
(1, 75287),
(2, 28854),
(3, 30),
(4, 9341),
(5, 19),
(6, 6),
(7, 67),
(8, 32),
(9, 43108),
(10, 28476),
(11, 16),
(12, 5219),
(13, 19),
(14, 15),
(15, 59),
(16, 40),
(17, 34009),
(18, 27524),
(19, 13),
(20, 4299),
(21, 17),
(22, 27),
(23, 58),
(24, 42),
(25, 39612),
(26, 30223),
(27, 15),
(28, 3090),
(29, 16),
(30, 10),
(31, 76),
(32, 23),
(33, 28480),
(34, 19384),
(35, 11),
(36, 5640),
(37, 28),
(38, 45),
(39, 71),
(40, 28),
(41, 17802),
(42, 27916),
(43, 7),
(44, 1589),
(45, 16),
(46, 12),
(47, 77),
(48, 22),
(49, 16782),
(50, 27593),
(51, 6),
(52, 4175),
(53, 18),
(54, 21),
(55, 57),
(56, 43),
(57, 1),
(58, 11),
(59, 0),
(60, 12),
(61, 100),
(62, 91),
(63, 60),
(64, 2),
(65, 14),
(66, 54),
(67, 356),
(68, 41),
(69, 70),
(70, 23),
(71, 28),
(72, 31),
(73, 4),
(74, 10),
(75, 48),
(76, 57),
(77, 28),
(78, 30),
(79, 0),
(80, 181),
(81, 797),
(82, 1),
(83, 2),
(84, 0),
(85, 1),
(86, 15),
(87, 22),
(88, 9),
(89, 1),
(90, 1),
(91, 6),
(92, 8),
(93, 3),
(94, 1),
(95, 2),
(96, 1),
(97, 2),
(98, 0),
(99, 2),
(100, 1),
(101, 2),
(102, 2),
(103, 1),
(104, 0),
(105, 32),
(106, 44),
(107, 1),
(108, 4),
(109, 4),
(110, 2),
(111, 11),
(112, 21),
(113, 13),
(114, 1),
(115, 0),
(116, 6),
(117, 7),
(118, 6),
(119, 0),
(120, 1),
(121, 1),
(122, 3),
(123, 1),
(124, 4),
(125, 3),
(126, 0),
(127, 4),
(128, 3),
(129, 0),
(130, 39),
(131, 63),
(132, 0),
(133, 3),
(134, 0),
(135, 1),
(136, 10),
(137, 18),
(138, 3),
(139, 0),
(140, 1),
(141, 5),
(142, 3),
(143, 6),
(144, 0),
(145, 2),
(146, 1),
(147, 4),
(148, 0),
(149, 1),
(150, 3),
(151, 2),
(152, 5),
(153, 1),
(154, 21),
(155, 22),
(156, 54),
(157, 0),
(158, 4),
(159, 2),
(160, 3),
(161, 14),
(162, 18),
(163, 19),
(164, 0),
(165, 2),
(166, 4),
(167, 5),
(168, 3),
(169, 2),
(170, 1),
(171, 1),
(172, 2),
(173, 0),
(174, 1),
(175, 4),
(176, 0),
(177, 2),
(178, 2),
(179, 0),
(180, 49),
(181, 93),
(182, 1),
(183, 1),
(184, 1),
(185, 1),
(186, 4),
(187, 17),
(188, 3),
(189, 1),
(190, 3),
(191, 3),
(192, 45),
(193, 6),
(194, 8),
(195, 3),
(196, 5),
(197, 1),
(198, 0),
(199, 3),
(200, 4),
(201, 5),
(202, 6),
(203, 3),
(204, 0),
(205, 20),
(206, 108),
(207, 1),
(208, 4),
(209, 0),
(210, 2),
(211, 11),
(212, 10),
(213, 8),
(214, 1),
(215, 1),
(216, 5),
(217, 4),
(218, 3),
(219, 3),
(220, 6),
(221, 0),
(222, 4),
(223, 0),
(224, 4),
(225, 3),
(226, 2),
(227, 2),
(228, 2),
(229, 0),
(230, 18),
(231, 33),
(232, 53),
(233, 1846),
(234, 9421),
(235, 9649),
(236, 8953),
(237, 4282),
(238, 12398),
(239, 20131),
(240, 19),
(241, 906),
(242, 3787),
(243, 5283),
(244, 6043),
(245, 3570),
(246, 7378),
(247, 8887),
(248, 24),
(249, 749),
(250, 2253),
(251, 4268),
(252, 5568),
(253, 2689),
(254, 6685),
(255, 5610),
(256, 19),
(257, 604),
(258, 4528),
(259, 5419),
(260, 4842),
(261, 2054),
(262, 3848),
(263, 13833),
(264, 11),
(265, 613),
(266, 661),
(267, 1672),
(268, 3565),
(269, 3317),
(270, 3604),
(271, 7679),
(272, 22),
(273, 435),
(274, 1899),
(275, 2787),
(276, 2930),
(277, 1245),
(278, 2542),
(279, 3392),
(280, 16),
(281, 401),
(282, 1005),
(283, 1953),
(284, 2850),
(285, 1380),
(286, 3502),
(287, 2766),
(288, 1014),
(289, 1590),
(290, 276),
(291, 80),
(292, 353),
(293, 474),
(294, 47),
(295, 15),
(296, 243),
(297, 353),
(298, 62),
(299, 16),
(300, 227),
(301, 369),
(302, 42),
(303, 6),
(304, 241),
(305, 273),
(306, 43),
(307, 35),
(308, 186),
(309, 279),
(310, 82),
(311, 3),
(312, 98),
(313, 155),
(314, 26),
(315, 4),
(316, 4338),
(317, 31384),
(318, 1),
(319, 12759),
(320, 25),
(321, 0),
(322, 73),
(323, 26),
(324, 4545),
(325, 35904),
(326, 1),
(327, 7836),
(328, 15),
(329, 1),
(330, 56),
(331, 43),
(332, 6725),
(333, 24289),
(334, 2),
(335, 11025),
(336, 25),
(337, 20),
(338, 61),
(339, 38),
(340, 7524),
(341, 29978),
(342, 2),
(343, 7838),
(344, 17),
(345, 10),
(346, 68),
(347, 37),
(348, 12979),
(349, 26505),
(350, 5),
(351, 19087),
(352, 21),
(353, 1),
(354, 70),
(355, 26),
(356, 9033),
(357, 26960),
(358, 3),
(359, 13897),
(360, 22),
(361, 1),
(362, 81),
(363, 18),
(364, 9259),
(365, 29787),
(366, 3),
(367, 7781),
(368, 16),
(369, 9),
(370, 67),
(371, 34),
(372, 12979),
(373, 32469),
(374, 5),
(375, 7819),
(376, 13),
(377, 16),
(378, 66),
(379, 34),
(380, 4226),
(381, 29590),
(382, 1),
(383, 5092),
(384, 15),
(385, 9),
(386, 41),
(387, 58),
(388, 7946),
(389, 24781),
(390, 3),
(391, 14189),
(392, 23),
(393, 5),
(394, 71),
(395, 28),
(396, 3860),
(397, 31362),
(398, 1),
(399, 1569),
(400, 17),
(401, 42),
(402, 56),
(403, 43),
(404, 3990),
(405, 30669),
(406, 1),
(407, 995),
(408, 15),
(409, 24),
(410, 68),
(411, 31),
(412, 9951),
(413, 24823),
(414, 3),
(415, 174),
(416, 16),
(417, 12),
(418, 77),
(419, 22),
(420, 2864),
(421, 19686),
(422, 1),
(423, 1836),
(424, 21),
(425, 69),
(426, 89),
(427, 11),
(428, 7566),
(429, 31986),
(430, 2),
(431, 4729),
(432, 18),
(433, 11),
(434, 48),
(435, 52),
(436, 6351),
(437, 28235),
(438, 2),
(439, 7385),
(440, 15),
(441, 12),
(442, 52),
(443, 48),
(444, 6473),
(445, 31749),
(446, 2),
(447, 4123),
(448, 19),
(449, 54),
(450, 73),
(451, 26),
(452, 7765),
(453, 32241),
(454, 3),
(455, 5430),
(456, 14),
(457, 9),
(458, 47),
(459, 52),
(460, 10564),
(461, 26252),
(462, 2),
(463, 8659),
(464, 17),
(465, 16),
(466, 52),
(467, 48),
(468, 9207),
(469, 27567),
(470, 3),
(471, 2495),
(472, 17),
(473, 42),
(474, 67),
(475, 33),
(476, 27726),
(477, 21710),
(478, 10),
(479, 4259),
(480, 16),
(481, 8),
(482, 81),
(483, 18),
(484, 9645),
(485, 47058),
(486, 3),
(487, 2399),
(488, 17),
(489, 15),
(490, 64),
(491, 35),
(492, 2241),
(493, 35906),
(494, 0),
(495, 979),
(496, 12),
(497, 0),
(498, 61),
(499, 38),
(500, 13920),
(501, 16089),
(502, 5),
(503, 5043),
(504, 35),
(505, 60),
(506, 80),
(507, 19),
(508, 10173),
(509, 21723),
(510, 4),
(511, 6693),
(512, 24),
(513, 52),
(514, 69),
(515, 30),
(516, 4387),
(517, 23404),
(518, 1),
(519, 5697),
(520, 20),
(521, 6),
(522, 58),
(523, 41),
(524, 21167),
(525, 22589),
(526, 8),
(527, 9984),
(528, 24),
(529, 20),
(530, 73),
(531, 26),
(532, 8749),
(533, 30759),
(534, 3),
(535, 4971),
(536, 16),
(537, 5),
(538, 52),
(539, 47),
(540, 7142),
(541, 39332),
(542, 2),
(543, 2246),
(544, 11),
(545, 9),
(546, 30),
(547, 69),
(548, 6050),
(549, 31491),
(550, 2),
(551, 5041),
(552, 17),
(553, 18),
(554, 52),
(555, 47),
(556, 0),
(557, 1),
(558, 0),
(559, 1),
(560, 2),
(561, 15),
(562, 1),
(563, 0),
(564, 0),
(565, 16),
(566, 167),
(567, 10),
(568, 48),
(569, 4),
(570, 1),
(571, 9),
(572, 1),
(573, 1),
(574, 20),
(575, 23),
(576, 5),
(577, 13),
(578, 0),
(579, 28),
(580, 147),
(581, 0),
(582, 0),
(583, 0),
(584, 1),
(585, 6),
(586, 2),
(587, 2),
(588, 0),
(589, 1),
(590, 2),
(591, 1),
(592, 0),
(593, 0),
(594, 0),
(595, 0),
(596, 0),
(597, 0),
(598, 0),
(599, 0),
(600, 1),
(601, 2),
(602, 1),
(603, 0),
(604, 8),
(605, 18),
(606, 0),
(607, 0),
(608, 0),
(609, 2),
(610, 9),
(611, 7),
(612, 4),
(613, 0),
(614, 0),
(615, 3),
(616, 3),
(617, 0),
(618, 0),
(619, 1),
(620, 0),
(621, 1),
(622, 0),
(623, 1),
(624, 2),
(625, 0),
(626, 3),
(627, 0),
(628, 0),
(629, 10),
(630, 25),
(631, 1),
(632, 0),
(633, 0),
(634, 2),
(635, 3),
(636, 4),
(637, 3),
(638, 0),
(639, 3),
(640, 3),
(641, 57),
(642, 2),
(643, 11),
(644, 4),
(645, 3),
(646, 5),
(647, 0),
(648, 0),
(649, 6),
(650, 9),
(651, 4),
(652, 4),
(653, 0),
(654, 12),
(655, 38),
(656, 0),
(657, 5),
(658, 0),
(659, 2),
(660, 16),
(661, 12),
(662, 15),
(663, 1),
(664, 0),
(665, 3),
(666, 16),
(667, 5),
(668, 1),
(669, 3),
(670, 4),
(671, 6),
(672, 0),
(673, 3),
(674, 4),
(675, 5),
(676, 3),
(677, 3),
(678, 0),
(679, 30),
(680, 84),
(681, 0),
(682, 0),
(683, 0),
(684, 2),
(685, 17),
(686, 19),
(687, 10),
(688, 0),
(689, 3),
(690, 16),
(691, 95),
(692, 17),
(693, 9),
(694, 8),
(695, 11),
(696, 6),
(697, 3),
(698, 2),
(699, 9),
(700, 18),
(701, 5),
(702, 6),
(703, 0),
(704, 43),
(705, 224),
(706, 0),
(707, 1),
(708, 0),
(709, 0),
(710, 15),
(711, 11),
(712, 5),
(713, 1),
(714, 2),
(715, 6),
(716, 2),
(717, 1),
(718, 0),
(719, 1),
(720, 3),
(721, 0),
(722, 0),
(723, 0),
(724, 1),
(725, 1),
(726, 2),
(727, 3),
(728, 0),
(729, 12),
(730, 78),
(731, 0),
(732, 0),
(733, 0),
(734, 2),
(735, 9),
(736, 7),
(737, 4),
(738, 0),
(739, 0),
(740, 3),
(741, 3),
(742, 0),
(743, 0),
(744, 1),
(745, 0),
(746, 1),
(747, 0),
(748, 1),
(749, 2),
(750, 0),
(751, 3),
(752, 0),
(753, 0),
(754, 11),
(755, 26),
(756, 0),
(757, 0),
(758, 0),
(759, 0),
(760, 2),
(761, 3),
(762, 1),
(763, 0),
(764, 0),
(765, 1),
(766, 0),
(767, 0),
(768, 0),
(769, 0),
(770, 1),
(771, 0),
(772, 0),
(773, 0),
(774, 0),
(775, 0),
(776, 1),
(777, 0),
(778, 0),
(779, 4),
(780, 7),
(781, 0),
(782, 4),
(783, 0),
(784, 1),
(785, 20),
(786, 13),
(787, 16),
(788, 0),
(789, 3),
(790, 3),
(791, 13),
(792, 6),
(793, 1),
(794, 2),
(795, 4),
(796, 3),
(797, 0),
(798, 2),
(799, 6),
(800, 0),
(801, 2),
(802, 0),
(803, 0),
(804, 12),
(805, 83),
(806, 0),
(807, 0),
(808, 0),
(809, 1),
(810, 1),
(811, 2),
(812, 2),
(813, 1),
(814, 0),
(815, 1),
(816, 1),
(817, 0),
(818, 0),
(819, 1),
(820, 0),
(821, 0),
(822, 0),
(823, 1),
(824, 0),
(825, 0),
(826, 3),
(827, 0),
(828, 0),
(829, 3),
(830, 14),
(831, 0),
(832, 0),
(833, 1),
(834, 0),
(835, 1),
(836, 4),
(837, 0),
(838, 0),
(839, 1),
(840, 1),
(841, 7),
(842, 2),
(843, 0),
(844, 0),
(845, 4),
(846, 0),
(847, 0),
(848, 2),
(849, 1),
(850, 1),
(851, 0),
(852, 1),
(853, 0),
(854, 4),
(855, 21),
(856, 1),
(857, 1),
(858, 0),
(859, 0),
(860, 2),
(861, 11),
(862, 1),
(863, 0),
(864, 2),
(865, 1),
(866, 37),
(867, 4),
(868, 8),
(869, 2),
(870, 1),
(871, 1),
(872, 0),
(873, 0),
(874, 3),
(875, 4),
(876, 3),
(877, 2),
(878, 0),
(879, 13),
(880, 73),
(881, 1),
(882, 2),
(883, 0),
(884, 0),
(885, 2),
(886, 4),
(887, 1),
(888, 1),
(889, 0),
(890, 2),
(891, 2),
(892, 2),
(893, 3),
(894, 3),
(895, 0),
(896, 1),
(897, 0),
(898, 3),
(899, 1),
(900, 2),
(901, 1),
(902, 1),
(903, 0),
(904, 3),
(905, 19),
(906, 0),
(907, 1),
(908, 0),
(909, 1),
(910, 6),
(911, 2),
(912, 2),
(913, 0),
(914, 0),
(915, 1),
(916, 2),
(917, 0),
(918, 0),
(919, 1),
(920, 0),
(921, 3),
(922, 0),
(923, 0),
(924, 1),
(925, 0),
(926, 0),
(927, 1),
(928, 0),
(929, 11),
(930, 12),
(931, 0),
(932, 1),
(933, 0),
(934, 1),
(935, 3),
(936, 4),
(937, 5),
(938, 0),
(939, 1),
(940, 2),
(941, 0),
(942, 1),
(943, 0),
(944, 2),
(945, 0),
(946, 0),
(947, 0),
(948, 1),
(949, 1),
(950, 0),
(951, 1),
(952, 0),
(953, 0),
(954, 4),
(955, 2),
(956, 0),
(957, 2),
(958, 1),
(959, 0),
(960, 1),
(961, 2),
(962, 3),
(963, 0),
(964, 0),
(965, 2),
(966, 3),
(967, 0),
(968, 0),
(969, 0),
(970, 0),
(971, 0),
(972, 0),
(973, 0),
(974, 1),
(975, 0),
(976, 0),
(977, 0),
(978, 0),
(979, 3),
(980, 6),
(981, 0),
(982, 0),
(983, 1),
(984, 0),
(985, 5),
(986, 5),
(987, 2),
(988, 0),
(989, 0),
(990, 2),
(991, 2),
(992, 1),
(993, 1),
(994, 0),
(995, 0),
(996, 0),
(997, 1),
(998, 1),
(999, 1),
(1000, 0),
(1001, 2),
(1002, 1),
(1003, 0),
(1004, 11),
(1005, 17),
(1006, 0),
(1007, 1),
(1008, 1),
(1009, 2),
(1010, 2),
(1011, 10),
(1012, 4),
(1013, 0),
(1014, 0),
(1015, 2),
(1016, 1),
(1017, 0),
(1018, 0),
(1019, 1),
(1020, 0),
(1021, 0),
(1022, 0),
(1023, 1),
(1024, 1),
(1025, 0),
(1026, 1),
(1027, 0),
(1028, 0),
(1029, 14),
(1030, 28),
(1031, 1),
(1032, 1),
(1033, 1),
(1034, 0),
(1035, 3),
(1036, 4),
(1037, 4),
(1038, 1),
(1039, 0),
(1040, 0),
(1041, 2),
(1042, 5),
(1043, 0),
(1044, 0),
(1045, 1),
(1046, 2),
(1047, 0),
(1048, 2),
(1049, 0),
(1050, 0),
(1051, 1),
(1052, 2),
(1053, 0),
(1054, 11),
(1055, 12),
(1056, 0),
(1057, 2),
(1058, 0),
(1059, 0),
(1060, 5),
(1061, 9),
(1062, 1),
(1063, 0),
(1064, 0),
(1065, 3),
(1066, 2),
(1067, 4),
(1068, 0),
(1069, 2),
(1070, 1),
(1071, 4),
(1072, 0),
(1073, 0),
(1074, 2),
(1075, 2),
(1076, 2),
(1077, 1),
(1078, 21),
(1079, 17),
(1080, 40),
(1081, 0),
(1082, 1),
(1083, 0),
(1084, 0),
(1085, 5),
(1086, 7),
(1087, 1),
(1088, 0),
(1089, 1),
(1090, 2),
(1091, 1),
(1092, 2),
(1093, 0),
(1094, 0),
(1095, 0),
(1096, 0),
(1097, 0),
(1098, 1),
(1099, 0),
(1100, 0),
(1101, 3),
(1102, 0),
(1103, 0),
(1104, 4),
(1105, 13),
(1106, 0),
(1107, 0),
(1108, 0),
(1109, 1),
(1110, 0),
(1111, 2),
(1112, 1),
(1113, 0),
(1114, 0),
(1115, 0),
(1116, 0),
(1117, 0),
(1118, 0),
(1119, 0),
(1120, 0),
(1121, 0),
(1122, 0),
(1123, 0),
(1124, 1),
(1125, 0),
(1126, 0),
(1127, 0),
(1128, 0),
(1129, 1),
(1130, 1),
(1131, 0),
(1132, 1),
(1133, 2),
(1134, 0),
(1135, 4),
(1136, 8),
(1137, 13),
(1138, 0),
(1139, 0),
(1140, 1),
(1141, 2),
(1142, 3),
(1143, 0),
(1144, 1),
(1145, 0),
(1146, 1),
(1147, 0),
(1148, 1),
(1149, 2),
(1150, 0),
(1151, 0),
(1152, 1),
(1153, 0),
(1154, 10),
(1155, 29),
(1156, 0),
(1157, 2),
(1158, 0),
(1159, 1),
(1160, 7),
(1161, 5),
(1162, 6),
(1163, 0),
(1164, 1),
(1165, 2),
(1166, 2),
(1167, 0),
(1168, 2),
(1169, 0),
(1170, 1),
(1171, 0),
(1172, 0),
(1173, 0),
(1174, 0),
(1175, 0),
(1176, 0),
(1177, 1),
(1178, 0),
(1179, 12),
(1180, 15),
(1181, 0),
(1182, 1),
(1183, 0),
(1184, 2),
(1185, 3),
(1186, 5),
(1187, 0),
(1188, 0),
(1189, 1),
(1190, 1),
(1191, 1),
(1192, 0),
(1193, 0),
(1194, 0),
(1195, 0),
(1196, 1),
(1197, 0),
(1198, 0),
(1199, 2),
(1200, 0),
(1201, 2),
(1202, 0),
(1203, 0),
(1204, 3),
(1205, 16),
(1206, 0),
(1207, 0),
(1208, 0),
(1209, 0),
(1210, 6),
(1211, 12),
(1212, 7),
(1213, 1),
(1214, 0),
(1215, 2),
(1216, 2),
(1217, 1),
(1218, 0),
(1219, 1),
(1220, 0),
(1221, 2),
(1222, 0),
(1223, 2),
(1224, 0),
(1225, 0),
(1226, 0),
(1227, 0),
(1228, 0),
(1229, 14),
(1230, 25),
(1231, 1),
(1232, 1),
(1233, 0),
(1234, 0),
(1235, 5),
(1236, 7),
(1237, 1),
(1238, 0),
(1239, 1),
(1240, 3),
(1241, 4),
(1242, 1),
(1243, 1),
(1244, 0),
(1245, 0),
(1246, 0),
(1247, 0),
(1248, 0),
(1249, 1),
(1250, 1),
(1251, 0),
(1252, 1),
(1253, 0),
(1254, 10),
(1255, 8),
(1256, 0),
(1257, 1),
(1258, 0),
(1259, 0),
(1260, 1),
(1261, 2),
(1262, 0),
(1263, 0),
(1264, 0),
(1265, 0),
(1266, 0),
(1267, 1),
(1268, 0),
(1269, 0),
(1270, 1),
(1271, 0),
(1272, 0),
(1273, 0),
(1274, 0),
(1275, 1),
(1276, 1),
(1277, 0),
(1278, 0),
(1279, 6),
(1280, 9),
(1281, 0),
(1282, 0),
(1283, 0),
(1284, 1),
(1285, 3),
(1286, 1),
(1287, 1),
(1288, 0),
(1289, 0),
(1290, 1),
(1291, 2),
(1292, 0),
(1293, 0),
(1294, 1),
(1295, 0),
(1296, 0),
(1297, 0),
(1298, 0),
(1299, 0),
(1300, 0),
(1301, 1),
(1302, 0),
(1303, 0),
(1304, 2),
(1305, 2),
(1306, 0),
(1307, 137),
(1308, 527),
(1309, 580),
(1310, 501),
(1311, 259),
(1312, 636),
(1313, 1346),
(1314, 17),
(1315, 79),
(1316, 647),
(1317, 507),
(1318, 448),
(1319, 278),
(1320, 848),
(1321, 1013),
(1322, 1),
(1323, 164),
(1324, 532),
(1325, 774),
(1326, 873),
(1327, 499),
(1328, 1185),
(1329, 1622),
(1330, 0),
(1331, 153),
(1332, 743),
(1333, 971),
(1334, 937),
(1335, 362),
(1336, 1684),
(1337, 1978),
(1338, 0),
(1339, 302),
(1340, 1135),
(1341, 1228),
(1342, 1035),
(1343, 626),
(1344, 1252),
(1345, 2067),
(1346, 7),
(1347, 233),
(1348, 1315),
(1349, 1147),
(1350, 1125),
(1351, 585),
(1352, 787),
(1353, 3090),
(1354, 8),
(1355, 214),
(1356, 1392),
(1357, 1277),
(1358, 1094),
(1359, 488),
(1360, 1641),
(1361, 2025),
(1362, 8),
(1363, 239),
(1364, 1816),
(1365, 1448),
(1366, 1322),
(1367, 452),
(1368, 2107),
(1369, 4113),
(1370, 4),
(1371, 135),
(1372, 423),
(1373, 585),
(1374, 531),
(1375, 204),
(1376, 1100),
(1377, 764),
(1378, 8),
(1379, 189),
(1380, 891),
(1381, 1131),
(1382, 1089),
(1383, 529),
(1384, 1158),
(1385, 2112),
(1386, 4),
(1387, 78),
(1388, 317),
(1389, 369),
(1390, 596),
(1391, 349),
(1392, 906),
(1393, 577),
(1394, 0),
(1395, 94),
(1396, 457),
(1397, 708),
(1398, 691),
(1399, 294),
(1400, 456),
(1401, 614),
(1402, 18),
(1403, 262),
(1404, 1125),
(1405, 1710),
(1406, 1643),
(1407, 603),
(1408, 1181),
(1409, 2201),
(1410, 0),
(1411, 53),
(1412, 69),
(1413, 330),
(1414, 692),
(1415, 343),
(1416, 216),
(1417, 464),
(1418, 4),
(1419, 197),
(1420, 623),
(1421, 935),
(1422, 1310),
(1423, 514),
(1424, 1638),
(1425, 1144),
(1426, 12),
(1427, 151),
(1428, 313),
(1429, 687),
(1430, 848),
(1431, 525),
(1432, 1648),
(1433, 1158),
(1434, 5),
(1435, 166),
(1436, 293),
(1437, 744),
(1438, 1144),
(1439, 578),
(1440, 709),
(1441, 1285),
(1442, 1),
(1443, 183),
(1444, 739),
(1445, 1129),
(1446, 1149),
(1447, 490),
(1448, 1787),
(1449, 1028),
(1450, 10),
(1451, 206),
(1452, 569),
(1453, 1252),
(1454, 1633),
(1455, 786),
(1456, 2819),
(1457, 1634),
(1458, 7),
(1459, 194),
(1460, 652),
(1461, 1143),
(1462, 1642),
(1463, 835),
(1464, 1369),
(1465, 1662),
(1466, 0),
(1467, 384),
(1468, 279),
(1469, 3803),
(1470, 3373),
(1471, 1405),
(1472, 1816),
(1473, 11274),
(1474, 11),
(1475, 190),
(1476, 1487),
(1477, 1347),
(1478, 1173),
(1479, 557),
(1480, 1502),
(1481, 2069),
(1482, 8),
(1483, 29),
(1484, 272),
(1485, 269),
(1486, 297),
(1487, 93),
(1488, 529),
(1489, 490),
(1490, 11),
(1491, 277),
(1492, 115),
(1493, 443),
(1494, 1470),
(1495, 1748),
(1496, 1760),
(1497, 4326),
(1498, 0),
(1499, 258),
(1500, 196),
(1501, 537),
(1502, 1350),
(1503, 1160),
(1504, 1167),
(1505, 2634),
(1506, 0),
(1507, 78),
(1508, 350),
(1509, 692),
(1510, 744),
(1511, 410),
(1512, 677),
(1513, 719),
(1514, 12),
(1515, 394),
(1516, 1533),
(1517, 2348),
(1518, 2894),
(1519, 2130),
(1520, 2923),
(1521, 5094),
(1522, 5),
(1523, 204),
(1524, 986),
(1525, 1155),
(1526, 1247),
(1527, 543),
(1528, 1801),
(1529, 1644),
(1530, 1),
(1531, 165),
(1532, 819),
(1533, 1020),
(1534, 995),
(1535, 391),
(1536, 1422),
(1537, 1098),
(1538, 0),
(1539, 143),
(1540, 449),
(1541, 760),
(1542, 908),
(1543, 505),
(1544, 1232),
(1545, 1050),
(1546, 92),
(1547, 147),
(1548, 50),
(1549, 15),
(1550, 93),
(1551, 128),
(1552, 14),
(1553, 2),
(1554, 36),
(1555, 55),
(1556, 4),
(1557, 4),
(1558, 129),
(1559, 195),
(1560, 39),
(1561, 4),
(1562, 99),
(1563, 160),
(1564, 36),
(1565, 7),
(1566, 113),
(1567, 228),
(1568, 48),
(1569, 18),
(1570, 82),
(1571, 141),
(1572, 21),
(1573, 10),
(1574, 232),
(1575, 309),
(1576, 21),
(1577, 2),
(1578, 41),
(1579, 60),
(1580, 1),
(1581, 0),
(1582, 97),
(1583, 167),
(1584, 39),
(1585, 15),
(1586, 30),
(1587, 41),
(1588, 13),
(1589, 1),
(1590, 29),
(1591, 73),
(1592, 39),
(1593, 5),
(1594, 127),
(1595, 165),
(1596, 30),
(1597, 13),
(1598, 3),
(1599, 62),
(1600, 4),
(1601, 1),
(1602, 37),
(1603, 62),
(1604, 11),
(1605, 1),
(1606, 58),
(1607, 77),
(1608, 11),
(1609, 2),
(1610, 19),
(1611, 32),
(1612, 7),
(1613, 5),
(1614, 101),
(1615, 141),
(1616, 32),
(1617, 2),
(1618, 27),
(1619, 99),
(1620, 6),
(1621, 6),
(1622, 53),
(1623, 81),
(1624, 17),
(1625, 4),
(1626, 150),
(1627, 243),
(1628, 25),
(1629, 3),
(1630, 75),
(1631, 114),
(1632, 16),
(1633, 1),
(1634, 2),
(1635, 12),
(1636, 1),
(1637, 2),
(1638, 170),
(1639, 176),
(1640, 4),
(1641, 15),
(1642, 39),
(1643, 41),
(1644, 5),
(1645, 12),
(1646, 32),
(1647, 56),
(1648, 5),
(1649, 7),
(1650, 120),
(1651, 164),
(1652, 17),
(1653, 14),
(1654, 161),
(1655, 224),
(1656, 12),
(1657, 15),
(1658, 41),
(1659, 48),
(1660, 7),
(1661, 0),
(1662, 30),
(1663, 38),
(1664, 11),
(1665, 1);

-- --------------------------------------------------------

--
-- Structure de la table `quartier`
--

DROP TABLE IF EXISTS `quartier`;
CREATE TABLE IF NOT EXISTS `quartier` (
  `code_quartier` int(11) NOT NULL,
  `nom_quartier` varchar(255) NOT NULL,
  `id_type` int(11) NOT NULL,
  `description` varchar(1000) NOT NULL,
  PRIMARY KEY (`code_quartier`),
  KEY `FK_quartier_id_type` (`id_type`)
) ENGINE=InnoDB DEFAULT CHARSET=latin1;

--
-- Déchargement des données de la table `quartier`
--

INSERT INTO `quartier` (`code_quartier`, `nom_quartier`, `id_type`, `description`) VALUES
(1, 'Centre', 1, 'Regroupe le centre historique, l\'Écusson. Il est le cœur historique et économique de la ville de Montpellier et concentre la majeure partie de l\'activité professionnelle. On y trouve de nombreux espaces commerciaux et culturels : l\'ancien grand lycée Impérial (actuel lycée Joffre), la faculté de Médecine et la faculté de Droit, ainsi que des lieux de vie nocturne. Le quartier de la Gare est le point névralgique du système de transports de la ville. Il est desservi par les quatre lignes de tramway et plus de la moitié des lignes de bus de la métropole.'),
(2, 'Cévennes', 1, 'Majoritairement résidentiel, accueille les classe moyennes de Montpellier'),
(3, 'Croix d\'argent', 1, 'Se situe au sud-ouest de la ville de Montpellier et connaît une croissance importante avec le développement de la zone de l\'Ovalie'),
(4, 'Hôpitaux-facultés', 1, 'C\'est essentiellement résidentiel et accueille aussi de nombreuses infrastructures universitaires et de grands espaces publics (parc zoologique de Montpellier, palais des sports…).'),
(5, 'Mosson ', 1, 'Situé à la périphérie nord-ouest de la ville, a longtemps été le plus pauvre de Montpellier. Aujourd\'hui, le développement exponentiel des Hauts-de-Massane, quartier résidentiel accueillant des classes moyennes, et un réaménagement progressif du quartier de la Paillade (création d\'espaces verts et mise en service de deux lignes de Tramway) ont légèrement amélioré les conditions de vie de ses habitants, mais le fort contraste avec les autres quartiers de la ville apparait clairement.'),
(6, 'Port Marianne', 1, 'Encore inexistant il y a 50 ans est en pleine expansion. Des infrastructures commerciales s\'y développent massivement et de nombreux immeubles y sont en construction. Trois des quatre lignes de tramway de la ville y circulent et rendent attractifs les espaces commerciaux qui s\'y développent.'),
(7, 'Près-d\'arènes', 1, 'Près d\'arènes est situé au sud-est de Montpellier est essentiellement résidentiel. L\'autoroute A9 et la voie rapide Montpellier-Carnon en font une « porte d\'entrée » de Montpellier.'),
(8, 'Plan des 4 Seigneurs', 2, 'Plan des 4 seigneurs est une campagne aisée de la commune de Montpellier'),
(9, 'Hopitaux-Facultés', 2, 'Hôpitaux-facultés est essentiellement résidentiel et accueille aussi de nombreuses infrastructures universitaires et de grands espaces publics (parc zoologique de Montpellier, palais des sports…).\r\n'),
(10, 'Aiguelongue', 2, 'AIGUELONGUE est un quartier huppé de la commune de Montpellier. 2004 personnes y habitent et ont une moyenne d\'âge de 36 ans, ont des revenus élevés, vivent majoritairement en célibataire. '),
(11, 'Les Hauts de Massane', 2, 'Les Hauts de Massane dominent en altitude Montpellier et Grabels. On y trouve notamment :\r\nLe collège des Garrigues ;\r\nLe Palais des Sports Pierre de Coubertin ;\r\nLe Lac des Garrigues ;\r\nL\'UFR d\'Odontologie et le centre de soin dentaire.\r\n'),
(12, 'Alco', 2, 'ALCO est un quartier sensible de la commune de Montpellier (34000). 4323 personnes y habitent et ont une moyenne d\'âge de 36 ans, ont des revenus modestes, vivent majoritairement en célibataire. C\'est un quartier dont le coût de la vie est assez élevé. Aux alentours on y trouve diverses infrastructures de sport, de loisir, de transport, d\'éducation, de culture.\r\n'),
(13, 'Mosson', 2, 'Situé à la périphérie nord-ouest de la ville, a longtemps été le plus pauvre de Montpellier. Aujourd\'hui, le développement exponentiel des Hauts-de-Massane, quartier résidentiel accueillant des classes moyennes, et un réaménagement progressif du quartier de la Paillade (création d\'espaces verts et mise en service de deux lignes de Tramway) ont légèrement amélioré les conditions de vie de ses habitants, mais le fort contraste avec les autres quartiers de la ville apparait clairement.'),
(14, 'Grammont', 2, 'C\'est un quartier animé de la commune de Montpellier. C\'est un quartier dont le coût de la vie est assez élevé. Aux alentours on y trouve diverses infrastructures de sport, de loisir, de transport, d\'éducation.'),
(15, 'Les Aubes', 2, 'LES AUBES est un quartier calme de la commune de Montpellier. C\'est un quartier dont le coût de la vie est assez élevé. Aux alentours on y trouve diverses infrastructures de sport, de loisir, de transport, d\'éducation, de culture.'),
(16, 'Boutonnet', 2, 'C\'est un quartier huppé de la commune de Montpellier. C\'est un quartier dont le coût de la vie est assez élevé. Aux alentours on y trouve diverses infrastructures de sport, de loisir, de transport, d\'éducation, de culture.'),
(17, 'Les Beaux - Arts', 2, 'Le quartier des Beaux-Arts fait partie de Montpellier-centre, tout comme celui de la Gare, de la Comédie, ou encore du Polygone. Vous accéderez facilement à cette partie insolite de la ville à l\'aide du tramway ainsi qu\'en voiture, le quartier n\'étant pas totalement piéton, ou tout simplement à pieds. En effet, le quartier des Beaux-Arts est placé juste en bas du quartier de l\'Aiguillerie et du Corum, jouxtant le centre historique de la ville, l\'Écusson. Mélange de bohème et de bourgeoisie, cette partie de la ville pourrait se rapprocher d\'un paisible petit village, avec son esprit du sud, ses petits commerces, son marché, ses cafés et nombreux restaurants, ses parcs et jeux pour enfants.'),
(18, 'La Pompignane', 2, 'POMPIGNANE est un quartier animé de la commune de Montpellier. C\'est un quartier dont le coût de la vie est assez élevé. Aux alentours on y trouve diverses infrastructures de sport, de loisir, de transport, d\'éducation.'),
(19, 'Millénaire-Grammont', 2, 'un quartier animé de la commune de Montpellier. C\'est un quartier dont le coût de la vie est assez élevé. Aux alentours on y trouve diverses infrastructures de sport, de loisir, de transport, d\'éducation.'),
(20, 'Les Cevennes', 2, 'Majoritairement résidentiel, accueille les classe moyennes de Montpellier'),
(21, 'Celleneuve', 2, 'Celleneuve est situé à l\'ouest de la commune de Montpellier, traversé au nord par la route de Lodève et limité au sud par la voie rapide, l\'avenue de la Liberté construite sur les anciennes voies du Chemin de fer d\'intérêt local. L\'ancienneté du quartier est visible par une partie de ses rues, étroites et aux bâtiments serrés.\r\nJusqu\'à la construction d\'échangeurs et de ponts routiers près de la rivière Mosson, Celleneuve était la porte d\'entrée par l\'ouest de Montpellier. Celleneuve est séparé de la commune de Juvignac par la « folie » de Bonnier de la Mosson. Il est entouré par les quartiers de La Mosson (anciennement la Paillade) au nord-ouest, du Petit Bard au nord et de la Martelle au sud.'),
(22, 'Les Arceaux', 2, 'Ce secteur historique de Montpellier organisé autour de l\'Aqueduc séduit pour son ambiance de village avec son marché, ses commerces, ses services de proximité et ses restaurants.'),
(23, 'Centre Historique', 2, 'Regroupe le centre historique, l\'Écusson. Il est le cœur historique et économique de la ville de Montpellier et concentre la majeure partie de l\'activité professionnelle. On y trouve de nombreux espaces commerciaux et culturels : l\'ancien grand lycée Impérial (actuel lycée Joffre), la faculté de Médecine et la faculté de Droit, ainsi que des lieux de vie nocturne. Le quartier de la Gare est le point névralgique du système de transports de la ville. Il est desservi par les quatre lignes de tramway et plus de la moitié des lignes de bus de la métropole.'),
(24, 'Antigone', 2, 'Antigone est un quartier de Montpellier conçu par l\'architecte catalan Ricardo Bofill en 1978 sous l\'impulsion du maire de Montpellier Georges Frêche et de son adjoint, le géographe Raymond Dugrand, et construit à partir de 1983. La majorité des immeubles a été construite sur un style inspiré par l\'architecture de la Grèce antique selon le projet de l\'architecte suivant un axe qui se veut faire écho à l\'est à celui qui a structuré la ville à l\'ouest, avec la promenade du Peyrou et l\'aqueduc des Arceaux.'),
(25, 'Comédie', 2, 'Un quartier aisé de la commune de Montpellier. 4338 personnes y habitent et ont une moyenne d\'âge de 37 ans, ont des revenus modestes, vivent majoritairement en célibataire. C\'est un quartier dont le coût de la vie est assez élevé. Aux alentours on y trouve diverses infrastructures de loisir, de transport, d\'éducation, de culture.'),
(26, 'La Martelle', 2, ''),
(27, 'Port Marianne', 2, ''),
(28, 'La Chamberte', 2, ''),
(29, 'Gambetta', 2, ''),
(30, 'Figuerolles', 2, ''),
(31, 'Gares', 2, ''),
(32, 'Estanove', 2, ''),
(33, 'Aiguerelles', 2, ''),
(34, 'Saint Martin', 2, ''),
(35, 'Lemasson', 2, ''),
(36, 'Pas du Loup', 2, ''),
(37, 'Croix d\'Argent', 2, ''),
(38, 'Près d\'Arènes', 2, '');

-- --------------------------------------------------------

--
-- Structure de la table `rechercher`
--

DROP TABLE IF EXISTS `rechercher`;
CREATE TABLE IF NOT EXISTS `rechercher` (
  `code_quartier` int(11) NOT NULL,
  `id_client` smallint(5) UNSIGNED NOT NULL DEFAULT '0',
  PRIMARY KEY (`code_quartier`,`id_client`),
  KEY `FK_rechercher_id_client` (`id_client`) USING BTREE
) ENGINE=InnoDB DEFAULT CHARSET=latin1;

-- --------------------------------------------------------

--
-- Structure de la table `type_donnee`
--

DROP TABLE IF EXISTS `type_donnee`;
CREATE TABLE IF NOT EXISTS `type_donnee` (
  `id_type_donnee` int(11) NOT NULL,
  `libelle_type_donnee` varchar(255) NOT NULL,
  PRIMARY KEY (`id_type_donnee`)
) ENGINE=InnoDB DEFAULT CHARSET=latin1;

--
-- Déchargement des données de la table `type_donnee`
--

INSERT INTO `type_donnee` (`id_type_donnee`, `libelle_type_donnee`) VALUES
(1, 'Population'),
(2, 'Activités commerciales'),
(3, 'Catégorie socio-professionnelle'),
(4, 'Autres activités');

-- --------------------------------------------------------

--
-- Structure de la table `type_quartier`
--

DROP TABLE IF EXISTS `type_quartier`;
CREATE TABLE IF NOT EXISTS `type_quartier` (
  `id_type` int(11) NOT NULL,
  `libelle_type` varchar(255) NOT NULL,
  PRIMARY KEY (`id_type`)
) ENGINE=InnoDB DEFAULT CHARSET=latin1;

--
-- Déchargement des données de la table `type_quartier`
--

INSERT INTO `type_quartier` (`id_type`, `libelle_type`) VALUES
(1, 'quartier '),
(2, 'sous_quartier');

-- --------------------------------------------------------

--
-- Structure de la table `unite`
--

DROP TABLE IF EXISTS `unite`;
CREATE TABLE IF NOT EXISTS `unite` (
  `id_unite` int(11) NOT NULL,
  `libelle_unite` varchar(255) NOT NULL,
  PRIMARY KEY (`id_unite`)
) ENGINE=InnoDB DEFAULT CHARSET=latin1;

-- --------------------------------------------------------

--
-- Structure de la table `user`
--

DROP TABLE IF EXISTS `user`;
CREATE TABLE IF NOT EXISTS `user` (
  `id_client` smallint(5) UNSIGNED NOT NULL AUTO_INCREMENT,
  `nom` varchar(25) NOT NULL,
  `prenom` varchar(25) NOT NULL,
  `mail` varchar(255) NOT NULL,
  `mdp` varchar(10) NOT NULL,
  PRIMARY KEY (`id_client`)
) ENGINE=InnoDB AUTO_INCREMENT=11 DEFAULT CHARSET=latin1;

--
-- Déchargement des données de la table `user`
--

INSERT INTO `user` (`id_client`, `nom`, `prenom`, `mail`, `mdp`) VALUES
(2, 'soufiane', 'sadouk', 'soufianesadouk@gmail.com', 'soufian'),
(6, 'naoufal', 'hatim', 'naoufalhatim@gmail.com', 'naoufal'),
(9, 'naoufal', 'hatim', 'naoufal.hatim@investis.fr', 'Hatim123');

-- --------------------------------------------------------

--
-- Structure de la table `variable`
--

DROP TABLE IF EXISTS `variable`;
CREATE TABLE IF NOT EXISTS `variable` (
  `id_variable` int(11) NOT NULL,
  `libelle_variable` varchar(255) NOT NULL,
  PRIMARY KEY (`id_variable`)
) ENGINE=InnoDB DEFAULT CHARSET=latin1;

--
-- Déchargement des données de la table `variable`
--

INSERT INTO `variable` (`id_variable`, `libelle_variable`) VALUES
(1, 'Population'),
(2, 'Revenu fiscal moyen par ménage'),
(3, '% de la population de Montpellier'),
(4, 'Nombre d\'habitants au km²'),
(5, '% de chômeurs'),
(6, '% de  logements sociaux'),
(7, '% de locataires'),
(8, '% de propriétaires'),
(9, 'Hypermarché'),
(10, 'Supermarché'),
(11, 'Grande surface de bricolage'),
(12, 'Supérette'),
(13, 'Épicerie'),
(14, 'Boulangerie'),
(15, 'Boucherie charcuterie'),
(16, 'Produits surgelés'),
(17, 'Poissonnerie'),
(18, 'Librairie papeterie journaux'),
(19, 'Magasin de vêtements'),
(20, 'Magasin d\'équipements du foyer'),
(21, 'Magasin de chaussures'),
(22, 'Magasin d\'électroménager et de mat. audio,vidéo'),
(23, 'Magasin de meubles'),
(24, 'Magasin d\'articles de sports et de loisirs'),
(25, 'Magasin de revêtements murs et sols'),
(26, 'Droguerie quincaillerie bricolage'),
(27, 'Parfumerie'),
(28, 'Horlogerie Bijouterie'),
(29, 'Fleuriste'),
(30, 'Magasin d\'optique'),
(31, 'Station service'),
(32, 'Coiffure'),
(33, 'Restaurant'),
(34, 'Agriculteurs exploitants'),
(35, 'Artisans,  Comma.,  Chefs entreprise'),
(36, 'Cadres,  Prof. Intel.sup'),
(37, 'Prof. Intermédiaires'),
(38, 'Employés'),
(39, 'Ouvriers'),
(40, 'Retraités'),
(41, 'Autres'),
(42, 'Fonctions médicales et paramédicales'),
(43, 'Administration publique,  enseignement,  santé humaine et action sociale'),
(44, 'Agence immobilière'),
(45, 'Caméra de surveillance');

--
-- Contraintes pour les tables déchargées
--

--
-- Contraintes pour la table `associer`
--
ALTER TABLE `associer`
  ADD CONSTRAINT `FK_associer_code_quartier` FOREIGN KEY (`code_quartier`) REFERENCES `quartier` (`code_quartier`),
  ADD CONSTRAINT `FK_associer_id_donnee` FOREIGN KEY (`id_donnee`) REFERENCES `donnee` (`id_donnee`),
  ADD CONSTRAINT `FK_associer_id_type_donnee` FOREIGN KEY (`id_type_donnee`) REFERENCES `type_donnee` (`id_type_donnee`),
  ADD CONSTRAINT `FK_associer_id_variable` FOREIGN KEY (`id_variable`) REFERENCES `variable` (`id_variable`);

--
-- Contraintes pour la table `avoir_unite`
--
ALTER TABLE `avoir_unite`
  ADD CONSTRAINT `FK_avoir_unite_id_donnee` FOREIGN KEY (`id_donnee`) REFERENCES `donnee` (`id_donnee`),
  ADD CONSTRAINT `FK_avoir_unite_id_unite` FOREIGN KEY (`id_unite`) REFERENCES `unite` (`id_unite`);

--
-- Contraintes pour la table `quartier`
--
ALTER TABLE `quartier`
  ADD CONSTRAINT `FK_quartier_id_type` FOREIGN KEY (`id_type`) REFERENCES `type_quartier` (`id_type`);

--
-- Contraintes pour la table `rechercher`
--
ALTER TABLE `rechercher`
  ADD CONSTRAINT `FK_rechercher_code_quartier` FOREIGN KEY (`code_quartier`) REFERENCES `quartier` (`code_quartier`),
  ADD CONSTRAINT `FK_rechercher_id_client` FOREIGN KEY (`id_client`) REFERENCES `user` (`id_client`);
COMMIT;

/*!40101 SET CHARACTER_SET_CLIENT=@OLD_CHARACTER_SET_CLIENT */;
/*!40101 SET CHARACTER_SET_RESULTS=@OLD_CHARACTER_SET_RESULTS */;
/*!40101 SET COLLATION_CONNECTION=@OLD_COLLATION_CONNECTION */;
